11158953,5.619913,-5.085824,4.5780797
11158963,5.621111,-5.004393,4.8259645
11159068,5.2175503,-5.773195,4.4224033
11159073,5.3373013,-5.5301,3.8356237
11159083,5.5265074,-5.661826,3.786526
11159093,5.7001467,-6.0833497,4.077521
11159103,5.8103175,-6.634204,4.785249
11159113,5.667814,-7.0401597,5.3217335
11159123,5.53968,-7.005432,5.485792
11159133,5.374424,-6.898854,5.3073635
11159143,5.3061657,-6.570736,5.031936
11159153,5.3265233,-6.342012,4.7445335
11159163,5.3205357,-6.373147,4.528982
11159173,5.437892,-6.4988856,4.2559495
11159183,5.3037705,-6.6821046,4.164939
11159193,5.2654505,-6.638994,4.167334
11159203,5.384004,-6.5431933,3.9673498
11159213,5.4271145,-6.1983104,3.744613
11159223,5.5935683,-6.0079064,3.5901344
11159233,5.579198,-5.916896,3.3638048
11159243,5.597161,-5.932463,3.2117212
11159253,5.5444703,-6.316864,2.9722192
11159263,5.5444703,-6.6940794,2.626139
11159273,5.6091356,-6.907236,2.2632935
11159283,5.5995555,-7.38145,1.7112415
11159293,5.498965,-8.04487,1.284928
11159303,5.3241286,-8.806487,0.979563
11159313,5.3552637,-9.453142,0.7364685
11159323,5.464237,-9.608818,0.86220706
11159333,5.82349,-9.496252,0.89932984
11159343,6.018684,-9.250763,0.8753796
11159353,5.943241,-9.172925,0.66342044
11159363,5.701344,-9.380094,0.0981958
11159373,5.364844,-9.705816,-0.33410522
11159383,4.787644,-10.054292,-0.7484436
11159393,4.301455,-10.623109,-1.771117
11159403,4.1661363,-11.211086,-1.8968555
11159413,4.340973,-10.893746,-0.47421387
11159423,4.628375,-9.666299,0.07903565
11159434,4.9612827,-6.993457,0.33410522
11159444,4.3517504,-4.4906616,-1.2046949
11159454,3.7146752,-4.094286,-2.3974144
11159464,3.5003211,-5.9288707,-0.37841308
11159474,3.368595,-8.246052,1.905238
11159484,3.0943651,-9.329799,3.0320947
11159494,4.33259,-8.65081,5.771997
11159504,5.2247353,-7.404203,7.389833
11159514,4.199667,-6.7994604,2.7866051
11159524,4.1302114,-5.1696496,-0.49097902
11159534,3.8284388,-4.0751257,-1.355581
11159544,3.0716126,-5.0918117,-1.0190808
11159554,2.9841943,-6.342012,-0.0742456
11159564,2.9674292,-7.3850427,0.16286133
11159574,3.0273046,-9.5214,0.53049684
11159584,4.061953,-10.560839,-0.6706055
11159594,4.878655,-9.059161,0.44906616
11159604,5.019961,-9.212442,-2.2309606
11159614,5.5289025,-7.4461155,-2.5542884
11159624,4.525389,-6.6557593,-2.9722192
11159634,3.6356397,-6.75156,-4.2930727
11159644,3.7877233,-7.155121,-4.6762757
11159654,4.4571314,-7.6496925,-4.4738965
11159664,5.318141,-8.660391,-5.229525
11159674,7.8149486,-8.812474,-0.6825806
11159684,8.8963,-7.289242,-1.0777588
11159694,9.078321,-6.431825,-5.7025414
11159704,8.721463,-6.541996,-7.479646
11159714,8.975336,-7.516769,-8.504714
11159724,9.448352,-8.751401,-9.278306
11159734,10.465038,-8.281978,-8.986114
11159744,10.541678,-7.6484947,-7.1144056
11159754,9.705816,-8.438851,-7.975415
11159764,9.495055,-7.8496766,-7.716753
11159774,9.145382,-7.1072206,-8.169412
11159784,8.814869,-6.4090724,-8.996891
11159794,8.168214,-6.4893055,-8.913065
11159804,7.388635,-7.150331,-6.7324
11159814,6.5431933,-8.120314,-1.4873071
11159824,5.3193383,-5.367239,-2.7399023
11159834,4.388873,-4.1002736,-5.7660093
11159844,3.9901025,-5.960006,-6.165978
11159854,3.5745666,-7.507189,-5.54926
11159864,2.6129663,-7.1120105,-3.5446289
11159874,1.8537451,-5.945636,2.1567152
11159892,0.8418494,-7.235354,4.2727146
11159902,0.16884887,-8.344248,2.6560767
11159912,-0.61911255,-7.298822,3.009342
11159922,-0.5616321,-8.630453,-0.5292993
11159932,1.8741028,-7.5227566,-1.1975098
11159942,4.126619,-5.7564297,-0.09220825
11159952,4.566105,-7.5850267,-2.166295
11159962,3.7721558,-10.389595,-1.6022681
11159972,3.9853125,-11.00751,-0.067060545
11159982,4.555327,-10.196795,-0.41194335
11159992,4.7960267,-8.060438,-3.7134778
11160002,4.333788,-6.3599744,-5.1672544
11160012,4.590055,-6.086942,-7.252119
11160022,5.6821837,-6.382727,-9.038804
11160032,7.1203933,-6.388715,-10.866203
11160042,8.9442005,-6.605464,-8.474776
11160052,11.829001,-6.342012,-6.3180614
11160062,13.043277,-6.342012,-8.322693
11160072,12.710369,-4.7373486,-10.835069
11160082,11.730805,-3.1302905,-13.216915
11160092,10.609937,-2.9698243,-12.497211
11160102,8.911868,-4.8714695,-9.966874
11160112,7.8724294,-6.74677,-7.801776
11160122,8.522677,-5.9025254,-6.053412
11160132,9.141789,-4.9481106,-6.8701134
11160142,8.659193,-4.7517185,-7.7862086
11160152,7.9826,-4.966073,-7.8149486
11160162,7.8089614,-5.654641,-8.109536
11160172,8.076006,-5.726492,-7.325167
11160182,8.116721,-4.6894484,-6.9096313
11160192,7.2928343,-4.184099,-7.5766444
11160202,5.8474402,-5.2235374,-7.8568616
11160212,4.485872,-6.283334,-7.0736904
11160222,3.6308496,-4.721781,-2.9806018
11160232,1.9495459,-5.767207,-1.4789245
11160242,0.4682263,-7.084468,1.0514135
11160255,-0.48259643,-7.232959,2.1136048
11160265,-0.69096315,-6.8305955,1.6453785
11160275,0.2933899,-7.1287756,-0.366438
11160285,2.931504,-4.3948607,-0.49097902
11160295,5.310956,-1.3244458,-0.91130495
11160305,5.237908,-1.2825329,-2.43813
11160315,3.9086719,-3.432063,-2.5494983
11160325,3.102748,-3.7877233,-2.4896228
11160335,3.270399,-3.7577856,-4.963678
11160345,3.7338355,-4.940925,-8.30473
11160355,4.6547203,-7.0437527,-11.754756
11160365,6.5132556,-7.284452,-10.419533
11160375,8.424481,-7.841294,-6.7060547
11160386,10.611134,-10.662627,-5.80433
11160396,12.585828,-11.536809,-6.060597
11160406,13.511502,-9.515412,-5.892946
11160416,12.8133545,-7.442523,-12.172687
11160426,11.097323,-6.187533,-14.804813
11160436,9.911788,-6.652167,-13.916261
11160446,9.293873,-7.628137,-10.206376
11160456,8.110734,-9.090297,-6.7575474
11160466,7.726333,-8.52627,-6.8509536
11160476,7.7047777,-5.2678456,-7.0892577
11160486,6.74198,-5.309758,-9.303453
11160496,6.5180454,-5.8737855,-9.11784
11160506,7.0078273,-5.874983,-6.702462
11160516,6.6940794,-6.312074,-5.9372535
11160526,5.931266,-6.3372216,-6.2713585
11160536,4.63077,-5.621111,-8.438851
11160546,3.4751732,-3.1434631,-7.1359606
11160557,2.7147546,-4.3206153,-5.271438
11160567,2.0142114,-6.534811,-0.7580237
11160577,0.97597045,-8.335865,3.5601966
11160587,0.038320314,-7.980205,5.1433043
11160597,-0.9196875,-6.883286,2.718347
11160607,-1.1340418,-5.229525,1.2130774
11160617,-0.39877075,-5.3049684,-1.7627344
11160627,1.9423609,-3.4057178,-0.07903565
11160637,3.4691858,-4.3062453,-1.5196398
11160647,3.7829332,-4.749324,-1.3112732
11160657,2.6441016,-6.187533,-2.374662
11160667,2.2453308,-6.829398,-1.3819263
11160677,2.4525,-7.5610766,-1.6022681
11160687,3.6547997,-8.814869,-4.932543
11160697,4.8523097,-8.774154,-8.778944
11160707,6.1252623,-5.924081,-9.972861
11160717,7.3491173,-5.9300685,-11.658955
11160727,9.416019,-9.910591,-9.3453665
11160737,13.679154,-8.023315,-1.2274475
11160747,15.362853,-8.486752,-5.9001307
11160757,14.468313,-7.8089614,-11.1320505
11160767,13.280383,-5.300178,-12.231365
11160777,11.649375,-4.418811,-12.511582
11160787,9.533375,-5.2187476,-11.433824
11160797,8.20414,-5.9863515,-8.663983
11160807,7.2904396,-7.2509217,-8.778944
11160817,8.273595,-4.813989,-7.3347473
11160827,9.193282,-2.577041,-6.939569
11160841,8.265212,-3.4500256,-5.436694
11160851,6.643784,-5.701344,-4.1122484
11160861,5.812712,-5.564828,-3.0320947
11160871,5.7312818,-3.9493873,-4.8570995
11160881,5.0750465,-4.517007,-5.3432884
11160891,5.163662,-4.5840673,-3.9218445
11160901,3.5673816,-5.1373167,-2.1746778
11160911,1.6417859,-6.864126,-1.651366
11160921,0.55923706,-8.422086,-1.4849122
11160931,0.94363767,-8.200547,-1.2705579
11160941,1.5914905,-6.988667,-3.08239
11160951,2.102827,-6.539601,-4.4319835
11160961,2.5530908,-7.738308,-5.0019984
11160971,2.2992187,-11.539204,-7.516769
11160981,2.4189696,-12.807367,-7.870034
11160991,3.2692018,-10.591974,-7.6401124
11161001,3.68354,-11.409873,-10.686577
11161011,3.542234,-12.698394,-10.577603
11161021,2.8955786,-12.160711,-9.325008
11161031,2.9398866,-10.220746,-9.577683
11161041,3.3673975,-6.3060865,-8.358618
11161051,3.9505847,-5.788762,-8.871152
11161061,5.6091356,-6.0965223,-5.874983
11161071,5.830675,-7.7981834,-2.6656568
11161081,8.723859,-8.392148,1.1172767
11161091,9.296268,-12.712764,2.166295
11161101,9.595646,-14.13301,3.0416749
11161111,8.084389,-17.221388,1.5124549
11161121,5.6833816,-17.647701,-3.2919543
11161131,3.2201037,-21.298908,-7.8448863
11161141,5.0091834,-15.023957,-9.645941
11161151,8.178991,-3.6045043,-10.97398
11161161,6.828201,5.7684045,-7.0712953
11161171,3.6655774,4.5325747,-8.195757
11161184,7.09285,0.0371228,-6.918014
11161194,12.946278,-5.9935365,0.72928345
11161204,10.905722,-10.933264,3.0572424
11161214,3.6092944,-11.104508,5.276228
11161224,-0.98794556,-8.390951,4.0679407
11161234,4.574487,-6.1324477,3.0476623
11161244,11.551179,-6.7479677,1.1029065
11161254,8.817265,-3.2213013,3.8344262
11161264,5.6091356,1.773512,4.566105
11161274,7.4054003,0.6011499,5.4271145
11161284,7.625742,-2.3950195,5.816305
11161294,6.8114357,-2.6931994,6.9096313
11161304,5.4510646,-3.239264,6.692882
11161314,5.6007533,-2.4716601,6.561156
11161324,6.397097,-2.0680993,6.4354177
11161334,6.243816,-1.6920813,6.251001
11161345,5.4630394,-1.1939173,5.429509
11161355,4.9648757,-1.4274316,3.9972875
11161365,5.574408,-1.9543359,4.367318
11161375,6.074967,-2.5518932,4.7277684
11161385,6.316864,-2.2728736,5.7312818
11161395,6.485713,-1.8082397,6.388715
11161405,6.514453,-1.6477734,6.7431774
11161415,6.5228357,-2.078877,5.936056
11161425,6.267766,-2.8033705,5.452262
11161435,5.9049206,-2.5075855,3.2895594
11161445,5.718109,-2.1411474,3.08239
11161455,6.006709,-2.0142114,3.4643958
11161465,6.8473606,-1.6729212,4.5050316
11161475,7.100035,-1.6501684,5.860613
11161485,7.5526943,-2.1255798,7.8496766
11161495,8.584948,-2.2070105,12.850477
11161505,8.523874,-3.5841467,11.451786
11161515,8.56938,-6.563551,8.317903
11161525,7.7119627,-8.947793,5.9121056
11161535,5.9707837,-8.993299,2.3040087
11161545,5.6797886,-5.3899913,0.40954834
11161555,6.4162574,-0.74485105,0.7089258
11161565,7.95386,2.7363098,2.9722192
11161575,8.491542,1.6729212,3.7482057
11161585,8.5717745,-1.3771362,4.472699
11161595,7.826924,-4.4427614,4.91458
11161605,6.937174,-6.1599903,5.3780165
11161615,6.580316,-6.413862,6.0342517
11161625,6.8880763,-5.24629,7.2796617
11161635,6.979087,-4.479884,7.7993813
11161645,6.76593,-3.9050794,7.907157
11161655,6.1683726,-4.453539,7.0162096
11161665,6.1132874,-4.6032276,7.7419004
11161675,5.6091356,-5.142107,6.175558
11161685,5.364844,-6.6354017,4.757706
11161695,5.522915,-6.1156826,4.127816
11161705,4.4247985,-5.421127,1.9782861
11161715,4.463119,-7.435338,1.5735278
11161725,5.0822315,-8.538244,4.2296047
11161735,4.763694,-9.079519,3.0416749
11161745,4.839137,-8.860374,3.0488598
11161755,4.940925,-9.295071,2.6656568
11161765,5.445077,-10.942844,2.2393432
11161775,7.0557275,-12.070898,2.8333082
11161785,7.914342,-10.568024,3.0740075
11161795,8.042476,-10.291399,1.0130932
11161805,8.968151,-9.639954,0.20836669
11161815,9.517808,-8.981323,0.5903723
11161825,9.390872,-8.720266,0.80592406
11161835,8.20414,-7.9442797,3.5194812
11161851,6.4234424,-6.4354177,0.1101709
11161861,5.9444385,-4.8547044,-0.41673338
11161871,5.5133348,-3.8428087,-0.3412903
11161881,5.5684204,-3.37578,-2.7087672
11161891,6.13125,-1.0190808,-5.085824
11161901,5.8977356,0.8693921,-7.714358
11161911,5.5851855,1.5735278,-12.030183
11161921,4.853507,0.4646338,-12.809762
11161931,5.2091675,-5.3133507,-13.842015
11161941,6.9671116,-8.0436735,-11.225456
11161951,8.080796,-11.053015,-7.0162096
11161961,9.255553,-14.701827,-1.2777429
11161971,8.383766,-13.585749,-4.3469605
11161981,6.5120583,-2.6536818,-8.878338
11161991,2.8955786,0.033530273,-9.842333
11162001,0.87657714,-5.0822315,-9.7884445
11162011,1.4837146,-6.6282167,-4.3278003
11162021,3.5386415,-7.2461314,-4.1361985
11162031,6.2306433,-7.0796776,-9.109457
11162041,7.425758,-8.655601,-9.399254
11162051,8.077204,-7.6149645,-8.129894
11162061,6.956334,-5.118157,-7.947872
11162071,5.916896,-4.077521,-8.278385
11162081,5.2917957,-2.1926403,-7.890392
11162091,3.429668,-2.7662475,-7.5467067
11162101,2.838098,-4.4439588,-9.648336
11162111,3.473976,-5.077441,-7.653285
11162121,4.6247826,-2.830913,-3.3362622
11162131,4.1242237,-2.0058289,-4.1876917
11162141,3.737428,-3.05844,-4.343368
11162151,4.0092626,-5.4965696,-4.877457
11162161,3.998485,-9.340576,-3.6895275
11162171,4.125421,-10.04591,-2.1878502
11162181,3.0907726,-9.041199,-3.1985486
11162194,1.7687219,-8.30473,-4.423601
11162204,1.1436218,-7.2904396,-4.905
11162214,1.6357983,-7.3275623,-7.67005
11162224,2.8464806,-11.063793,-8.753797
11162234,5.5995555,-8.728649,-6.461763
11162244,6.292914,-7.3850427,-11.855347
11162254,6.4593678,-6.236631,-14.0372095
11162264,6.114485,-7.5287437,-12.821737
11162274,4.8547044,-8.885523,-9.538165
11162284,3.248844,-8.79571,-4.614005
11162294,1.6453785,-8.849597,-2.3459215
11162304,0.8981323,-8.7897215,-3.3063245
11162314,1.4849122,-9.730965,-4.812792
11162324,3.8212538,-10.5057535,-6.788683
11162334,5.628296,-9.254355,-6.744375
11162344,8.262817,-4.28948,-3.7242553
11162354,7.4640784,-5.2498827,-5.586383
11162364,7.7682457,-6.588699,-2.503993
11162374,7.5371265,-8.737031,-0.7137158
11162384,7.771838,-13.996494,-0.6538403
11162394,8.962163,-8.117919,-0.8753796
11162404,7.7670484,-6.163583,-1.7232165
11162414,8.358618,-9.044791,5.9683886
11162424,8.150251,-12.100836,3.0596375
11162434,8.399334,-14.10427,3.993695
11162444,5.019961,-14.463523,-4.768484
11162454,3.0943651,-10.820698,-7.514374
11162464,3.9457946,-5.400769,-2.3758593
11162474,4.0583606,-4.4655137,-4.740941
11162484,9.370514,-4.4738965,0.732876
11162494,10.768008,-3.1698084,0.36524048
11162504,10.124945,0.23830444,2.5171654
11162514,10.159673,3.009342,2.4776478
11162525,10.7380705,2.6129663,6.597081
11162535,9.004076,2.1974304,7.571854
11162545,7.6161623,3.7242553,6.9539394
11162555,8.727451,3.8308337,6.2486057
11162565,7.8939843,2.9734168,4.572092
11162575,6.546786,2.0285816,3.410508
11162585,6.4330225,-0.49457154,5.410349
11162595,6.3060865,-1.9303857,7.5371265
11162605,5.4043617,-1.9675086,6.8258057
11162615,4.518204,-3.4823585,5.4750147
11162625,4.6403503,-3.930227,5.5372853
11162635,4.405638,-3.7601807,5.918093
11162645,4.5301795,-3.4596057,6.6940794
11162655,5.071454,-2.0728893,6.1839404
11162665,5.5049524,-0.91130495,5.5312977
11162675,6.40548,1.0609937,6.7132397
11162685,5.7767873,0.7819739,4.0667434
11162695,6.2881236,-0.81191164,3.547024
11162705,6.7192273,-2.083667,6.300099
11162715,4.996011,-2.8464806,2.9674292
11162725,3.9553747,-4.963678,3.6212695
11162735,4.423601,-6.0342517,3.7601807
11162745,3.202141,-9.448352,3.1494508
11162755,4.148174,-10.394384,4.27032
11162765,5.8175025,-9.557325,5.691764
11162775,6.7575474,-7.7526784,3.7110827
11162785,7.7838135,-5.925278,4.748126
11162795,7.556287,-4.574487,5.3121533
11162805,6.3132715,-5.2175503,3.9757323
11162815,6.1372375,-5.78996,3.0943651
11162825,6.8162255,-7.3491173,5.342091
11162835,6.793473,-9.305848,7.0162096
11162845,6.446195,-10.365644,7.2952294
11162855,5.48699,-11.802656,5.252278
11162865,4.5613146,-13.050462,3.1554382
11162875,5.2846107,-11.169173,2.962639
11162885,5.428312,-8.132289,4.093088
11162895,5.8965383,-6.667734,4.555327
11162905,5.419929,-7.9442797,2.7806177
11162915,5.6642213,-7.9598475,1.1975098
11162925,5.9300685,-8.5011215,-0.7161108
11162935,6.4653554,-7.67005,-0.9460327
11162951,5.2977834,-7.716753,-1.5867004
11162961,4.437971,-6.5372057,-2.2872436
11162971,4.047583,-4.675078,-3.5506165
11162981,3.7242553,-4.550537,-4.6343627
11162991,3.7805383,-5.7205043,-3.8583765
11163001,4.59724,-8.353828,-2.6285338
11163011,6.0390415,-10.04591,-1.1376343
11163021,6.7407823,-10.515333,-2.3040087
11163031,7.1682935,-8.926238,-6.070177
11163041,6.8796935,-6.788683,-9.348959
11163051,6.695277,-5.8713903,-9.480685
11163061,6.561156,-6.219866,-7.6161623
11163071,6.3623695,-6.234236,-5.48699
11163081,6.347999,-5.1552796,-6.1468177
11163092,6.295309,-4.1876917,-7.7299256
11163102,6.4234424,-3.5913317,-9.212442
11163112,6.883286,-3.8356237,-7.467671
11163122,7.3419323,-4.5074267,-5.0103807
11163132,7.562274,-6.8413734,-3.0105395
11163142,7.291637,-8.539442,-4.085903
11163152,6.6138463,-7.547904,-3.7793407
11163162,6.6282167,-2.2824535,-4.8870373
11163172,4.5541296,-2.3555017,-9.344169
11163182,5.0570836,-4.069138,-6.4869103
11163192,5.8809705,-6.1611876,-5.015171
11163202,5.5169277,-6.045029,-5.997129
11163212,4.918173,-5.85223,-7.3215747
11163222,4.548142,-5.322931,-6.6401916
11163232,3.4763708,-6.7599425,-6.71803
11163242,3.1650183,-8.019723,-5.3756213
11163252,3.617677,-7.658075,-5.7588243
11163262,3.5625916,-7.701185,-8.222102
11163272,3.1925611,-9.284293,-8.98731
11163282,2.826123,-7.0317774,-6.0893373
11163292,2.7422974,-9.751322,-10.71412
11163302,3.4260755,-7.6940002,-8.741821
11163312,3.9589672,-7.61257,-9.783655
11163322,4.2571473,-7.6077795,-11.03625
11163332,5.557643,-6.4593678,-9.104667
11163342,6.758745,-4.4595265,-6.211483
11163352,5.798342,-7.205416,-7.7814183
11163362,4.8175817,-9.101074,-3.6500099
11163372,4.782854,-9.759705,-0.5065466
11163382,4.3589354,-10.98356,-3.5769618
11163392,4.996011,-8.854387,-6.036647
11163402,5.774392,-8.248447,-8.890312
11163412,6.6186366,-5.8486376,-8.010143
11163422,7.4401283,-4.0583606,-5.9133034
11163432,7.521559,-3.3638048,-4.7792616
11163442,7.2078114,-4.4176135,-2.550696
11163452,6.634204,-7.5347314,-0.7364685
11163462,6.1252623,-10.799143,1.2454102
11163472,7.0174074,-11.492501,5.357659
11163482,7.3131924,-10.467433,2.5842261
11163492,6.0246716,-13.622871,-5.2894006
11163502,6.5048733,-10.7237,-2.7243347
11163512,7.6963954,-9.8519125,1.7315991
11163522,8.545429,-14.021642,2.3590941
11163532,10.177635,-17.78302,-0.6873706
11163542,7.3982153,-14.992823,-8.719069
11163552,3.737428,-9.959689,-5.0570836
11163562,2.76505,-4.90979,-5.9755735
11163572,5.9192905,-3.3446448,-1.1567944
11163582,12.270883,-5.093009,2.1279747
11163592,11.869717,-1.7555493,3.2356713
11163602,9.049582,3.1530433,3.214116
11163612,6.701265,7.1527257,1.0837463
11163622,8.443642,7.0389624,1.7794995
11163632,8.165819,5.054689,2.689607
11163642,8.429272,1.6154407,6.052214
11163652,6.446195,-0.5161267,5.8151073
11163663,5.363646,-1.3639636,6.478528
11163673,6.500083,-0.76161623,4.942123
11163683,5.276228,-0.55324954,6.204298
11163693,4.8654823,-0.7688013,6.7695227
11163703,4.0811133,-1.3292358,5.6151233
11163713,3.6631823,-2.205813,4.9229627
11163723,3.793711,-3.473976,4.2487645
11163733,4.4020457,-3.4129028,5.163662
11163743,5.2019825,-2.3902295,5.2654505
11163753,5.967191,-1.4334192,4.8642845
11163763,6.229446,-0.7244934,4.4104285
11163773,6.5276256,-0.63108766,4.118236
11163783,6.9623218,-0.35925293,4.2906775
11163793,6.910829,-0.9316626,6.028264
11163803,7.0018396,-1.2274475,7.6736426
11163813,6.0785594,-2.1136048,7.5658665
11163823,5.868995,-2.6608667,6.085745
11163833,6.666537,-2.2501209,6.308481
11163843,7.1215906,-1.8776953,6.5767236
11163853,7.219786,-1.6298108,5.9073157
11163863,7.122788,-1.6058606,5.508545
11163873,6.8653235,-1.7459693,5.7684045
11163883,6.490503,-2.8608508,6.5719337
11163893,6.709647,-4.155359,7.2784643
11163903,6.575526,-5.182822,7.95865
11163913,6.9874697,-5.1205516,7.084468
11163923,6.955137,-4.5541296,5.724097
11163933,6.502478,-3.7038977,5.8857603
11163943,5.771997,-3.5206788,5.732479
11163953,5.17444,-4.2319994,4.93374
11163963,5.3923864,-5.2115626,5.1373167
11163973,5.181625,-6.0881395,5.7636147
11163983,5.363646,-6.76593,7.1599107
11163993,4.4595265,-7.0952454,6.3300366
11164003,3.1769934,-7.4640784,1.1891272
11164013,3.725453,-10.105785,0.44786865
11164023,5.5803957,-9.025631,3.4631982
11164033,6.2869263,-9.388476,2.6488917
11164043,6.6557593,-10.447075,1.2657678
11164053,8.0436735,-10.154882,2.9853919
11164063,8.662786,-9.072334,4.9612827
11164081,7.374265,-8.291557,4.7062135
11164091,6.046227,-7.68442,3.7565882
11164101,5.403164,-7.4964113,1.7531543
11164111,5.611531,-6.461763,1.2442126
11164121,4.9648757,-7.0808754,-2.078877
11164131,5.4702244,-8.273595,-2.9303064
11164141,5.5923705,-7.2736745,-0.09340576
11164151,5.339696,-8.652008,-0.88735473
11164161,5.5803957,-8.187374,-1.3735437
11164171,5.6714063,-7.2712793,-2.347119
11164181,5.3289185,-7.286847,-3.861969
11164191,5.6007533,-7.39582,-4.918173
11164201,5.9444385,-7.037765,-5.379214
11164211,6.013894,-6.646179,-5.372029
11164221,5.950426,-6.2665687,-6.0222764
11164231,5.755232,-5.4582496,-5.2965856
11164241,5.17444,-5.9420433,-5.3205357
11164251,5.077441,-7.316785,-4.9157777
11164261,5.2702403,-7.533534,-4.352948
11164271,5.7217016,-7.129973,-6.5156507
11164281,5.9564137,-6.283334,-7.765851
11164291,6.12646,-5.698949,-7.8891945
11164301,5.9695864,-5.797145,-7.6053843
11164311,5.619913,-6.8066454,-6.6401916
11164321,5.356461,-7.1515284,-5.835465
11164331,5.309758,-6.4557753,-5.6151233
11164341,5.22234,-5.9300685,-5.9540186
11164351,5.3995714,-5.54926,-6.949149
11164361,5.437892,-5.0989966,-7.555089
11164371,5.3971767,-4.92416,-8.463999
11164381,5.4606447,-4.728966,-9.026829
11164391,5.694159,-4.614005,-9.263935
11164401,5.948031,-4.590055,-8.667576
11164411,6.0318565,-4.7840514,-7.7419004
11164421,5.868995,-5.1456995,-6.9599266
11164431,5.8175025,-5.2678456,-6.4497876
11164441,6.006709,-5.21276,-6.3911095
11164451,6.2090883,-5.0091834,-6.898854
11164461,6.3959,-5.1768346,-6.4545774
11164471,6.653364,-5.8761806,-5.5025573
11164481,6.532416,-5.716912,-5.755232
11164491,6.2869263,-4.336183,-5.4750147
11164501,6.4306273,-3.0356872,-4.9852333
11164511,6.6868944,-4.3697133,-6.3683567
11164521,6.492898,-5.508545,-6.1599903
11164531,5.936056,-5.703739,-5.78038
11164541,5.0822315,-5.8019347,-6.495293
11164551,4.3565407,-6.7575474,-6.3432093
11164561,4.3852806,-8.596923,-6.1983104
11164572,4.261937,-8.52148,-5.522915
11164582,3.866759,-8.417296,-6.016289
11164592,3.4164953,-6.7527575,-5.630691
11164602,3.4703834,-6.079757,-7.374265
11164612,3.9960902,-6.516848,-7.7742333
11164622,3.5110986,-7.701185,-7.947872
11164632,2.950664,-8.093968,-6.6413894
11164642,4.4439588,-5.548063,-7.902367
11164652,4.059558,-4.6523256,-8.735834
11164668,3.2500415,-8.173004,-10.192005
11164678,3.737428,-7.467671,-9.944121
11164688,3.8487964,-6.9359765,-12.52236
11164698,5.3875966,-6.201903,-12.467274
11164708,6.5683413,-4.0535707,-9.733359
11164718,6.8629284,-2.3087988,-5.769602
11164728,5.8414526,-4.0535707,-2.5542884
11164738,4.543352,-7.723938,-1.5471826
11164748,4.1661363,-8.938213,0.016765136
11164758,4.4906616,-9.942924,-2.2704785
11164768,5.3780165,-10.32972,-5.4331017
11164778,6.219866,-10.893746,-6.157595
11164788,6.8461633,-10.720107,-4.773274
11164798,7.077283,-8.586145,-4.3864784
11164808,7.7622585,-5.322931,-4.855902
11164818,7.459288,-3.791316,-4.2882824
11164828,7.4964113,-4.087101,-1.3795313
11164838,7.4808435,-6.6306114,0.05149292
11164848,7.0892577,-8.368198,1.5388
11164858,7.003037,-8.655601,0.9065149
11164868,6.650969,-9.903406,-1.7663269
11164878,7.7610607,-10.890154,-1.7866845
11164888,10.018367,-6.2234583,-0.70293826
11164898,8.608898,-4.487069,-3.0572424
11164908,7.462881,-6.023474,1.1148816
11164918,6.9431615,-11.169173,3.793711
11164928,7.076085,-15.209572,6.138435
11164938,7.2856493,-18.375788,-0.2802173
11164948,6.773115,-13.991704,-4.2415795
11164958,3.98651,-9.509425,-2.205813
11164968,6.4593678,-4.2272096,2.2884412
11164978,6.0150914,-2.147135,0.34967285
11164988,5.357659,0.25506958,-0.22513184
11164998,6.094127,1.3256433,-3.3602123
11165008,7.8077636,5.1672544,-0.12813355
11165018,9.17532,5.4175344,1.472937
11165028,7.1946387,2.4489074,3.4152977
11165038,7.719148,-0.76760375,8.467591
11165048,7.0186048,-2.0609143,7.113208
11165058,7.242539,-1.9699036,7.7251353
11165068,7.1024303,-1.7543519,7.3263645
11165078,6.156398,-0.3412903,7.179071
11165088,4.9996033,1.5112573,6.070177
11165098,4.6104126,1.595083,5.743257
11165108,4.2727146,-0.9831555,4.804409
11165119,4.5002418,-3.7877233,5.691764
11165129,5.036726,-4.555327,6.894064
11165139,5.012776,-3.485951,7.04495
11165149,5.166057,-1.8860779,6.5767236
11165159,5.7827744,-0.46343628,6.412665
11165169,5.7540345,0.2802173,5.51573
11165179,5.9683886,0.34488282,5.154082
11165189,6.5922914,0.52091676,6.715635
11165199,6.6497717,0.7041357,9.284293
11165209,5.7827744,-0.46104127,9.154963
11165219,5.494175,-2.9518616,8.606503
11165229,6.7946706,-3.4488282,7.550299
11165239,7.1778736,-2.8883936,7.6221495
11165249,5.8342676,-3.1578333,6.2725563
11165259,4.9852333,-3.7086878,4.714596
11165269,5.1552796,-4.467909,5.78996
11165279,4.8175817,-5.1947975,5.1433043
11165289,5.015171,-5.686974,4.6032276
11165299,6.283334,-4.7277684,5.342091
11165309,6.9707046,-3.4572108,5.1612673
11165319,6.5132556,-3.2332764,4.9792457
11165329,6.1851377,-3.4117053,5.410349
11165339,6.051017,-3.8559813,5.358856
11165349,6.0426345,-4.780459,6.023474
11165359,5.9683886,-6.3276415,6.357579
11165369,6.277346,-7.5107813,7.1946387
11165379,7.0485425,-7.316785,8.612491
11165389,6.701265,-5.6821837,8.698711
11165399,4.819977,-5.9372535,5.8977356
11165409,4.360133,-5.739664,4.870272
11165419,4.636758,-6.268964,5.053491
11165429,4.794829,-5.7767873,5.6366787
11165439,5.0594788,-5.6438637,4.8978148
11165449,5.532495,-6.0570045,4.240382
11165459,5.7444544,-7.4473133,2.8249254
11165469,5.9420433,-8.9442005,2.535128
11165486,5.8091197,-9.224418,2.6656568
11165496,5.2570677,-8.8951025,2.6153612
11165506,4.3840833,-12.130774,1.7387842
11165516,4.6199927,-14.288687,4.0248303
11165526,4.782854,-13.425282,5.6749988
11165536,4.460724,-10.912907,4.9552956
11165546,4.1709266,-8.159832,1.8381774
11165556,3.69791,-6.8305955,0.7388635
11165566,3.3386571,-6.2965064,-0.21435425
11165576,3.8931043,-5.6714063,-0.15687378
11165586,5.0798364,-5.367239,0.6598279
11165596,6.4893055,-4.1781116,0.59755737
11165606,7.029382,-3.410508,0.54726195
11165616,6.43901,-3.1698084,1.8812878
11165626,5.0403185,-4.8822474,1.0597961
11165636,4.3469605,-5.788762,0.8298743
11165646,4.2954674,-6.1300526,0.12693603
11165656,4.550537,-6.338419,-0.21794678
11165666,5.0594788,-8.193362,-1.5998731
11165676,5.5851855,-9.556128,-1.3699511
11165686,5.604346,-7.6245446,2.6117687
11165696,4.3134303,-5.931266,-0.43349853
11165706,3.744613,-4.9612827,-4.4319835
11165716,3.9386096,-4.4331813,-6.5384035
11165726,4.470304,-5.779182,-5.7564297
11165736,5.0331335,-7.652087,-4.5229945
11165746,5.8737855,-8.23767,-3.857179
11165756,6.9036436,-7.476053,-4.374503
11165766,7.174281,-7.220984,-6.1108923
11165776,7.156318,-5.8965383,-5.606741
11165786,7.4964113,-5.158872,-7.601792
11165796,7.629335,-6.4438,-12.767849
11165806,8.412506,-4.9720607,-13.009747
11165816,7.8377013,-4.531377,-14.276711
11165826,7.0641103,-6.4354177,-14.2695265
11165836,6.4917006,-9.245973,-11.599079
11165846,6.927594,-12.249328,-7.8029737
11165856,7.156318,-13.034894,-5.7312818
11165866,6.683302,-9.954899,-4.4224033
11165876,6.468948,-7.6904078,-3.5434313
11165886,5.2115626,-5.4247193,-4.3852806
11165896,3.6021094,-4.414021,-7.125183
11165906,3.5110986,-5.088219,-8.793314
11165916,6.13125,-3.4069152,-6.852151
11165926,6.5791187,-4.460724,-7.96823
11165937,5.6905665,-5.5827904,-7.223379
11165947,5.2331176,-7.340735,-7.125183
11165957,4.7541137,-8.673563,-6.5863037
11165967,4.1829014,-9.82916,-4.869075
11165977,4.1098537,-5.5169277,-3.246449
11165987,4.077521,-4.3613305,-5.393584
11165997,4.309838,-7.1347632,-7.66526
11166007,5.7779846,-5.6007533,-4.477489
11166017,5.5935683,-4.2727146,-5.415139
11166027,4.8259645,-4.1397915,-6.2246556
11166037,5.6738014,-3.634442,-4.0487804
11166051,5.309758,-4.773274,-2.1794677
11166061,4.1924815,-8.110734,-1.9148182
11166071,4.8822474,-9.254355,-1.6166382
11166081,4.9361353,-8.023315,-4.077521
11166091,4.4343786,-6.133645,-5.027146
11166101,3.732638,-7.956255,-7.5299416
11166111,3.7134778,-8.834029,-7.140751
11166121,3.3159046,-8.517887,-7.066505
11166131,3.4440382,-8.407716,-7.8891945
11166141,4.4786863,-4.648733,-6.4641576
11166151,4.934938,1.5364051,-8.000563
11166161,6.4473925,-2.7662475,-14.237194
11166171,7.8640466,-7.853269,-11.903247
11166181,7.164701,-11.430231,-10.213561
11166191,5.290598,-11.375145,-7.6496925
11166201,4.770879,-9.251961,-6.085745
11166211,3.3314722,-8.091574,-9.313033
11166221,3.5075061,-6.205496,-7.755073
11166231,3.102748,-6.7264123,-5.7097263
11166241,3.7805383,-7.1455407,-3.2727942
11166251,4.6199927,-8.957373,-2.77463
11166261,6.370752,-9.158555,-1.7375866
11166272,8.060438,-6.8952613,-0.6119275
11166282,7.765851,-6.8725085,-3.1374755
11166292,7.745493,-7.1443434,-4.164939
11166302,6.9778895,-7.4030056,-0.9400452
11166312,6.547983,-9.679471,-2.4393275
11166322,6.0079064,-13.202545,-3.766168
11166332,10.516531,-7.3000197,5.884563
11166342,7.244934,-5.7636147,-3.7961059
11166352,6.018684,-6.3994923,1.2789404
11166362,4.184099,-11.607462,1.9172131
11166372,4.9924183,-16.765137,3.422483
11166382,7.7754307,-18.906284,-4.003275
11166392,7.010222,-14.0899,-2.4189696
11166402,4.9696655,-9.357342,-2.2118006
11166412,5.9348583,-2.010619,0.9244775
11166425,7.156318,1.8992505,0.18681152
11166435,7.369475,3.0560448,4.414021
11166445,10.921289,3.485951,-1.6813037
11166455,10.072254,5.071454,2.3087988
11166465,6.9036436,4.162544,6.553971
11166475,7.516769,2.3447242,6.861731
11166485,7.4054003,-0.6706055,8.988508
11166495,3.974535,-3.0201197,7.515571
11166505,6.837781,-0.47181883,5.0642686
11166515,7.1168003,1.0669812,5.564828
11166525,5.191205,0.99992067,4.472699
11166535,5.351671,1.4418018,4.0415955
11166545,4.4080334,0.49936157,5.322931
11166555,3.5242712,-1.9579284,5.6091356
11166565,3.9398072,-3.0165272,5.715714
11166575,4.731361,-1.9375708,5.8486376
11166585,4.8738647,-1.1232642,4.8427296
11166595,6.1049047,0.3161426,5.430707
11166605,7.4964113,2.227368,8.1143265
11166615,5.957611,2.13995,6.956334
11166625,5.278623,-0.8430469,3.290757
11166635,8.258027,-0.56881714,6.011499
11166645,6.610254,-3.744613,7.6472974
11166655,4.8642845,-6.661747,5.7025414
11166665,4.0583606,-9.195678,1.9208057
11166675,4.6259804,-9.091495,3.6080968
11166685,5.0726514,-8.970546,1.6765137
11166695,7.0964427,-7.4197707,3.2428565
11166705,9.020841,-4.1733217,7.2149963
11166715,6.5767236,-3.8164637,4.6008325
11166725,4.660708,-5.070256,0.38679564
11166735,4.309838,-7.3838453,-0.8813672
11166745,6.495293,-8.642428,1.5447876
11166755,6.6916847,-10.915301,3.202141
11166765,6.6497717,-15.407161,2.46687
11166775,9.268725,-14.015655,5.0475035
11166785,9.321416,-12.055331,4.90021
11166795,8.92025,-11.814631,4.096681
11166805,8.135881,-11.770324,4.8870373
11166815,7.5419164,-10.233918,5.076244
11166825,5.107379,-9.661509,5.2415004
11166835,5.557643,-8.431666,3.8990917
11166845,4.439169,-7.4724607,4.366121
11166855,4.113446,-8.980125,-0.28500733
11166865,5.478607,-7.4197707,1.353186
11166875,5.283413,-7.7430983,-0.23111938
11166885,5.1205516,-8.800499,-2.4752526
11166895,5.2510805,-9.402846,-3.9398072
11166909,5.3241286,-9.142987,-5.26066
11166919,5.221143,-8.760982,-6.375542
11166929,5.5588403,-8.544232,-7.3850427
11166939,6.276149,-6.876101,-6.119275
11166949,7.026987,-7.010222,-5.332511
11166960,7.794591,-7.0389624,-4.3373804
11166970,7.3610926,-7.4856334,-3.2943494
11166980,6.5599585,-7.6245446,-3.556604
11166990,5.635481,-8.029303,-3.6380346
11167000,5.5947657,-8.7334385,-3.612887
11167010,6.2989016,-8.126301,-2.4129822
11167020,6.1935205,-9.383686,-5.3995714
11167030,5.156477,-9.116642,-5.6738014
11167040,3.6631823,-6.3815293,-8.813672
11167050,2.9889843,-1.0130932,-5.4163365
11167060,3.0620325,-1.8058448,-4.452341
11167070,2.6704469,-6.6916847,0.0490979
11167080,2.882406,-7.63652,1.3663586
11167090,3.800896,-5.696554,-1.4346167
11167100,4.435576,-4.2882824,-3.9589672
11167110,4.4200087,-4.658313,-4.819977
11167120,4.373306,-5.039121,-2.9817994
11167130,3.9433997,-6.0031166,-2.3147864
11167140,3.8511915,-7.4568934,-2.8500733
11167150,3.8631666,-7.6053843,-3.497926
11167160,4.0176454,-7.2904396,-6.46775
11167170,4.3840833,-8.423284,-8.8460045
11167180,6.0641894,-11.70446,-9.348959
11167190,8.750204,-10.721305,-5.4953723
11167200,8.883127,-9.54535,-6.8018556
11167210,7.8963795,-9.916578,-10.544073
11167220,7.7047777,-7.9694276,-8.965755
11167230,6.819818,-7.274872,-7.34313
11167240,6.1887302,-7.2928343,-7.1371584
11167250,6.580316,-8.111931,-7.167096
11167260,8.238867,-8.368198,-5.292993
11167270,9.753717,-8.525072,-4.8570995
11167280,8.532257,-6.9216065,-4.418811
11167290,6.1049047,-6.013894,-6.908434
11167300,5.9288707,-7.1527257,-7.1658983
11167310,5.6785913,-8.860374,-5.7193065
11167320,5.315746,-7.65089,-5.2798204
11167330,4.0727305,-6.342012,-5.3995714
11167340,2.43813,-5.5827904,-3.7027001
11167350,1.6094531,-6.5036755,-0.58558226
11167360,1.7256116,-5.7851696,2.147135
11167370,0.12813355,-2.0561242,3.7781434
11167380,-1.6477734,-1.1843371,2.9183314
11167390,-1.0813513,-5.623506,-2.2405407
11167400,3.3290772,-6.810238,0.7244934
11167410,6.339617,-8.068821,-3.006947
11167420,6.149213,-5.1624646,-2.4788451
11167430,2.0513341,-7.4904237,-6.2737536
11167440,1.033451,-7.701185,-4.4427614
11167450,2.3578968,-8.850795,-4.8894324
11167460,4.1122484,-9.134604,-3.7589831
11167470,4.701423,-8.388556,-5.127737
11167480,3.9853125,-7.3994126,-5.645061
11167490,4.4990444,-8.586145,-6.004314
11167500,6.157595,-10.012379,-7.249724
11167510,7.2581067,-9.85311,-8.183782
11167520,8.740623,-10.40636,-10.647059
11167530,10.933264,-11.583512,-11.446996
11167540,13.295951,-10.359657,-9.842333
11167550,12.546309,-4.806804,-7.667655
11167560,6.7288074,-3.9002893,-6.8952613
11167570,3.3135095,-7.1191955,-5.8570204
11167581,4.975653,-10.242301,-4.24637
11167591,7.9909825,-9.501042,-4.538562
11167601,7.2904396,-6.6258216,-6.0833497
11167611,4.373306,-6.546786,-7.0868626
11167621,3.5554066,-7.8820095,-6.4797254
11167635,4.29906,-7.0317774,-5.3241286
11167645,3.7721558,-5.8019347,-5.294191
11167655,2.4836352,-4.770879,-4.1805067
11167665,1.101709,-5.2977834,-2.933899
11167675,0.009580079,-4.623585,0.043110352
11167685,-0.7604187,-4.399651,2.9734168
11167695,-1.1987072,-5.7684045,1.8333875
11167705,1.0418335,-8.091574,-1.7208215
11167715,5.308561,-7.3778577,-2.198628
11167725,6.358777,-7.7538757,-4.502637
11167735,5.237908,-6.9599266,-4.357738
11167745,3.4763708,-7.174281,-4.684658
11167755,2.0058289,-7.8305163,-4.622388
11167765,2.8057654,-8.040081,-3.497926
11167775,4.719386,-8.152646,-3.2009437
11167785,5.466632,-7.33834,-2.8644433
11167795,5.0654664,-7.5838294,-4.4906616
11167805,4.5469446,-8.490344,-5.6953564
11167815,5.269043,-8.416099,-5.795947
11167825,6.724017,-8.828042,-6.2498035
11167835,8.390951,-10.153686,-6.957532
11167845,9.709409,-9.82916,-6.8305955
11167855,9.733359,-9.358539,-9.202863
11167865,9.308244,-8.584948,-9.912986
11167875,8.866363,-6.575526,-7.868837
11167885,7.0724926,-6.7132397,-7.052135
11167895,5.973179,-7.4413257,-5.1672544
11167905,7.01142,-7.498806,-4.6175976
11167915,7.4688683,-7.418573,-4.6762757
11167926,7.4964113,-6.7826953,-4.7157936
11167936,6.5288234,-6.7383876,-5.069059
11167948,6.1983104,-6.7755103,-4.742139
11167958,6.085745,-6.9024463,-4.4834766
11167968,6.1983104,-6.2545934,-4.8582973
11167978,6.326444,-4.9780483,-4.8008165
11167988,5.5265074,-5.3480787,-4.8175817
11167998,4.54934,-6.357579,-4.605623
11168008,3.974535,-6.2414207,-3.4356556
11168018,3.4284704,-6.788683,-3.7925134
11168028,3.5554066,-6.700067,-2.2573059
11168038,3.6068995,-6.940767,-1.8585352
11168048,2.9159362,-6.7407823,-1.7591418
11168058,2.4776478,-6.526428,-1.5112573
11168068,2.3243666,-6.7359924,-2.0609143
11168078,2.6716442,-8.331076,-2.9243188
11168088,3.5853443,-9.978848,-2.9710217
11168098,4.628375,-11.035052,-2.7399023
11168108,4.812792,-10.524914,-3.6212695
11168118,4.6882505,-8.950188,-4.6619053
11168128,4.1397915,-8.019723,-5.363646
11168138,4.463119,-7.9059596,-5.8294773
11168148,5.1229467,-7.6484947,-4.9720607
11168158,5.5312977,-6.6258216,-4.990023
11168168,4.7888417,-7.155121,-6.587501
11168178,5.351671,-6.12646,-4.555327
11168189,5.613926,-7.0557275,-5.81391
11168199,5.1229467,-8.34784,-4.658313
11168209,4.1050634,-9.198072,-3.4667907
11168219,3.9805224,-9.0148535,-4.477489
11168229,4.126619,-8.91067,-5.237908
11168239,4.0882983,-7.965835,-5.4678297
11168249,3.9553747,-8.93462,-5.2331176
11168259,5.2846107,-7.955057,-3.4608033
11168269,4.6247826,-9.255553,-3.8775365
11168279,4.8163843,-8.241262,-2.7087672
11168289,4.6619053,-7.604187,-4.663103
11168299,3.97693,-9.46871,-1.8226099
11168309,3.930227,-9.508227,-1.0825489
11168319,3.9625597,-10.891352,-1.8860779
11168329,4.2906775,-10.217154,1.2765454
11168339,3.9996827,-9.472302,0.9472302
11168349,3.98172,-8.90588,-1.9842737
11168359,3.8871167,-8.957373,-0.24788453
11168369,4.352948,-8.435259,-0.0371228
11168379,4.701423,-8.320298,-0.15208374
11168389,4.9912205,-8.104746,1.4370117
11168399,5.134922,-8.7262535,2.6979895
11168409,5.2283278,-8.701106,2.3315516
11168419,5.1552796,-8.672366,1.9435583
11168429,5.4438796,-8.265212,2.4716601
11168439,5.339696,-7.6592727,1.9699036
11168449,5.52531,-7.254514,1.597478
11168459,5.9983263,-7.0641103,2.3878345
11168469,5.910908,-6.934779,2.962639
11168479,5.9444385,-7.3467226,2.3555017
11168489,6.3432093,-6.916816,3.739823
11168499,6.3935046,-6.6138463,4.132606
11168509,6.332432,-6.502478,3.923042
11168519,6.251001,-6.595884,3.932622
11168529,6.143225,-6.8485584,3.791316
11168539,6.1815453,-7.230564,4.0631504
11168549,6.204298,-6.364764,4.0823107
11168559,5.640271,-6.450985,2.5973988
11168569,5.910908,-5.9528213,2.5566833
11168579,5.979166,-5.2558703,2.4608827
11168589,5.9564137,-4.8499146,2.7770252
11168599,6.1671753,-5.1600695,3.4093103
11168609,6.2521987,-5.49178,3.7482057
11168619,6.3791347,-5.6953564,4.008065
11168629,6.3851223,-5.9863515,4.2176294
11168639,6.3923073,-6.370752,4.1122484
11168649,6.490503,-6.177953,4.92416
11168659,6.291716,-5.403164,4.357738
11168669,6.0342517,-4.804409,3.9146595
11168679,6.654562,-3.4835558,3.9972875
11168689,5.692961,-4.364923,2.8536658
11168699,6.6629443,-5.78038,4.58766
11168709,6.619834,-6.3048887,3.2787817
11168719,5.997129,-7.877219,3.735033
11168729,6.678512,-7.7598634,4.00567
11168739,6.852151,-7.435338,3.5829492
11168749,7.39582,-6.6066613,3.9218445
11168760,7.1431456,-6.356382,4.1122484
11168770,6.2869263,-4.9301476,2.3159838
11168780,6.1288548,-6.502478,3.2033386
11168790,5.8414526,-5.9911413,2.1615052
11168800,6.0546093,-6.866521,3.634442
11168810,5.9923387,-6.8162255,2.2896388
11168820,6.192323,-6.15041,3.7506006
11168830,6.533613,-7.203021,4.7960267
11168840,6.212681,-7.188651,2.76984
11168850,4.7038183,-7.413783,3.429668
11168860,6.622229,-6.4174547,5.853428
11168870,5.247488,-9.249565,4.4032435
11168880,6.370752,-7.923922,6.3935046
11168890,5.405559,-8.01134,3.5266662
11168900,5.8330703,-7.2389464,4.87626
11168910,5.1552796,-6.8090405,4.4762917
11168920,3.9290295,-6.993457,2.5997937
11168930,3.8811293,-6.508466,2.5518932
11168948,4.0535707,-4.8822474,2.4908204
11168958,3.8164637,-3.2296839,2.7207422
11168968,2.7363098,-5.2307224,1.900448
11168978,4.6427455,-5.1552796,2.3207738
11168988,5.435497,-5.4750147,2.8476782
11168998,5.508545,-6.4426026,2.9877868
11169008,5.466632,-6.678512,2.0094213
11169018,5.344486,-6.6892896,1.6753162
11169028,4.748126,-6.8820887,1.0346484
11169038,4.7541137,-7.1754785,0.7819739
11169048,5.0283437,-6.9539394,1.275348
11169058,5.308561,-7.2006264,0.9687854
11169068,5.0091834,-7.550299,0.0490979
11169078,4.7469287,-9.0639515,-1.0118958
11169088,4.6415477,-10.665022,-0.9400452
11169098,4.5050316,-11.746373,-0.26824218
11169108,4.934938,-11.960728,-0.21076173
11169118,5.118157,-11.488909,-1.3376184
11169128,5.2283278,-10.595567,-2.7207422
11169138,5.1145644,-9.78126,-4.0631504
11169148,4.9133825,-9.125025,-5.1301317
11169158,4.9481106,-8.267608,-5.0259485
11169168,5.0403185,-7.709568,-4.399651
11169178,5.0235534,-7.9766126,-4.5205994
11169188,5.015171,-8.375383,-4.4583287
11169198,5.140909,-8.812474,-4.206852
11169208,5.1720448,-9.104667,-4.2810974
11169218,5.19839,-9.1621475,-4.883445
11169228,5.2810183,-8.90588,-5.53489
11169238,5.3624487,-8.765772,-5.134922
11169248,6.787485,-6.526428,-3.0488598
11169258,6.47733,-6.9527416,-2.9075537
11169268,5.605543,-9.59325,-2.8644433
11169278,5.447472,-10.607541,-1.0490185
11169288,5.309758,-11.1392355,-0.9520203
11169298,5.492977,-10.9703865,-1.8980529
11169308,5.8905506,-9.262738,-2.2201831
11169318,5.595963,-7.5838294,-3.0177245
11169328,5.015171,-6.8952613,-3.9709425
11169338,4.6762757,-6.5767236,-4.176914
11169348,4.863087,-7.9358974,-3.5110986
11169359,5.061874,-8.474776,-3.2404613
11169369,4.987628,-8.164621,-3.0560448
11169379,4.931345,-7.5526943,-2.6955945
11169389,5.4319043,-8.193362,-3.1578333
11169399,5.879773,-8.293953,-3.8931043
11169409,5.667814,-8.522677,-4.1074586
11169419,4.7445335,-7.67484,-5.9061184
11169429,3.8248463,-6.547983,-3.3913476
11169439,3.4608033,-7.8963795,-3.3817675
11169449,4.069138,-9.171727,-4.1218286
11169459,5.024751,-8.206534,-2.4093897
11169469,4.9373326,-7.806566,-3.182981
11169479,3.6452198,-7.611372,-4.445156
11169489,2.9794042,-7.2293663,-3.7577856
11169499,3.117118,-7.8939843,-3.878734
11169509,3.5230737,-9.566906,-4.421206
11169519,4.846322,-9.145382,-2.738705
11169529,5.20318,-7.7131605,-4.079916
11169539,4.691843,-7.6317296,-5.7384667
11169549,4.518204,-6.604266,-4.990023
11169559,4.3517504,-7.230564,-4.9864306
11169569,4.4475513,-7.308402,-4.8415318
11169579,4.6164002,-7.2485266,-4.340973
11169589,4.8750625,-7.2904396,-3.9026842
11169599,5.0642686,-8.004155,-3.378175
11169609,5.1385145,-8.84361,-3.0787976
11169619,4.8594947,-10.514135,-3.624862
11169629,4.949308,-11.34401,-1.8273998
11169639,4.8966174,-10.150093,-0.18681152
11169649,4.2391844,-9.734557,-1.5603552
11169659,4.3924656,-8.63165,-2.13037
11169669,4.5301795,-8.242459,-1.9459534
11169679,4.8822474,-7.9921803,-1.5998731
11169689,4.799619,-8.120314,-0.6227051
11169699,5.036726,-8.254435,0.61552
11169709,5.191205,-8.164621,1.4441968
11169719,5.466632,-7.883207,1.6825012
11169729,5.351671,-7.716753,1.5196398
11169739,5.327721,-7.604187,1.5531702
11169749,5.49178,-7.738308,1.7591418
11169759,5.485792,-7.9826,2.15911
11169769,5.384004,-8.181387,2.6081762
11169779,5.422324,-8.367001,3.1925611
11169789,5.478607,-8.260423,3.1937585
11169799,5.667814,-7.6736426,3.241659
11169809,5.8965383,-7.5610766,3.6631823
11169819,6.173163,-7.757468,4.2511597
11169829,6.340814,-8.153844,5.356461
11169839,5.9564137,-8.108338,5.0487013
11169849,5.4821997,-7.4401283,5.0594788
11169859,4.8427296,-6.3156667,4.1637416
11169869,4.3792934,-5.0822315,3.182981
11169879,4.5062294,-3.9541771,2.44292
11169889,5.2067723,-3.138673,2.339934
11169900,5.696554,-3.2680042,3.0644274
11169910,6.1540027,-4.006868,4.3062453
11169920,6.308481,-4.58287,5.647456
11169930,6.177953,-5.093009,6.413862
11169940,5.9121056,-4.9540977,6.668932
11169950,5.863008,-4.6032276,6.546786
11169960,5.9204884,-4.0188427,6.1180773
11169970,5.971981,-3.4117053,5.8198977
11169980,5.6738014,-3.131488,5.301376
11169990,6.3539867,-2.630929,5.583988
11170000,6.76593,-2.0968397,5.830675
11170010,6.6162415,-1.8669177,5.5516553
11170020,6.421047,-1.6274158,5.4390893
11170030,6.4066772,-1.6848962,5.5444703
11170040,6.4869103,-1.8992505,5.926476
11170050,6.6234264,-2.0776794,6.3863196
11170060,6.795868,-2.1124072,6.7383876
11170070,6.908434,-1.900448,6.8246083
11170080,6.8006577,-1.6801062,6.9287915
11170090,6.685697,-1.4370117,6.7803
11170100,6.6581545,-1.4956897,6.7264123
11170110,6.525231,-1.6501684,6.7383876
11170120,6.4917006,-1.8034497,6.6330066
11170130,6.6114516,-1.9387683,6.7144375
11170140,6.5503783,-1.9914588,6.5551686
11170150,6.5683413,-2.0621119,6.617439
11170160,6.588699,-1.8657203,6.7264123
11170170,6.556366,-1.9603235,6.683302
11170180,6.450985,-1.8968555,6.617439
11170190,6.492898,-1.8944604,6.6090565
11170200,6.5036755,-1.905238,6.7132397
11170210,6.577921,-1.9531385,6.758745
11170220,6.627019,-1.905238,6.8162255
11170230,6.6186366,-1.9603235,6.6425867
11170240,6.478528,-2.1183949,6.653364
11170250,6.500083,-2.0237916,6.650969
11170260,6.500083,-1.9555335,6.460565
11170270,6.4725404,-1.8106347,6.41985
11170280,6.5204406,-1.8585352,6.547983
11170290,6.319259,-1.8525476,6.4629602
11170300,6.4306273,-1.8669177,6.5575633
11170310,6.43422,-1.9303857,6.6749196
11170320,6.4018874,-1.9758911,6.5934887
11170330,6.4234424,-1.8800904,6.478528
11170340,6.40548,-1.6908838,6.5671434
11170350,6.4545774,-1.5938855,6.484515
11170360,6.4940953,-1.6789087,6.364764
11170370,6.461763,-1.7208215,6.41985
11170380,6.5060706,-1.8202149,6.342012
11170391,6.540798,-1.9291883,6.441405
11170401,6.6162415,-2.0261865,6.4964905
11170411,6.5719337,-2.0585194,6.307284
11170421,8.562195,2.2656884,7.110813
11170431,4.9301476,-1.5747254,3.0392797
11170441,6.898854,-2.5291407,7.179071
11170451,6.837781,-3.2057335,6.375542
11170461,7.156318,-3.2452514,6.803053
11170471,6.688092,-3.0668225,6.9240017
11170481,6.7611403,-2.5375233,6.779103
11170491,6.8820887,-1.6357983,6.1132874
11170501,7.850874,-2.2010229,5.3121533
11170511,7.0808754,-1.1987072,5.868995
11170521,6.2162733,-1.1280541,5.2355127
11170531,6.46775,-1.2358301,5.5732102
11170541,7.05932,-1.348396,5.771997
11170551,7.291637,-1.5986755,6.0689793
11170561,7.098838,-1.597478,6.3048887
11170571,6.9060388,-1.6262183,6.422245
11170581,6.843768,-1.6441809,6.534811
11170591,7.0641103,-1.7088464,6.685697
11170601,6.9587293,-1.651366,6.829398
