7252986,-1.8884729,-2.3902295,7.740703
7252996,-1.9579284,-2.3734643,7.444918
7253096,-2.3016138,-3.3745825,5.454657
7253106,-2.215393,-3.2680042,4.736151
7253116,-2.1567152,-3.0979578,3.859574
7253126,-2.290836,-3.002157,2.499203
7253136,-2.645299,-3.5386415,1.7663269
7253146,-2.8416908,-4.946913,1.1124866
7253156,-2.325564,-5.6881714,0.8969348
7253166,-2.525548,-7.1658983,0.061072998
7253176,-2.875221,-9.174122,-0.7723938
7253186,-3.1015503,-10.292597,-1.096919
7253196,-2.882406,-11.054213,-1.7986597
7253206,-3.2919543,-11.457773,-2.647694
7253216,-3.0129347,-11.650573,-3.3314722
7253226,-3.0165272,-12.176279,-3.578159
7253236,-3.0907726,-12.957056,-3.4236803
7253246,-2.7159522,-13.210928,-2.9362938
7253256,-2.630929,-13.842015,-2.74589
7253266,-2.3411317,-14.439572,-1.8633252
7253276,-2.2896388,-14.42161,-0.34847534
7253286,-2.3171813,-13.020524,0.676593
7253296,-2.4884253,-11.183544,0.0
7253306,-2.9614418,-9.456735,-1.2777429
7253316,-3.3015344,-7.401808,-3.1793885
7253326,-4.115841,-6.8042507,-6.036647
7253336,-4.639153,-7.777826,-7.7299256
7253346,-3.7158728,-9.217233,-7.6544824
7253356,-3.1231055,-11.217074,-7.801776
7253366,-3.05844,-11.668535,-7.306007
7253376,-3.3278797,-11.369158,-6.7144375
7253386,-3.6847374,-10.05549,-5.805527
7253396,-3.7601807,-9.323811,-5.8965383
7253406,-3.885919,-8.908276,-6.422245
7253416,-4.1373963,-8.513097,-6.690487
7253426,-4.1218286,-9.539363,-5.981561
7253436,-3.4811609,-11.31048,-5.3540664
7253446,-3.3554223,-10.703342,-2.0010388
7253456,-3.718268,-9.299861,-2.1315675
7253466,-3.67875,-8.220904,-2.6788294
7253476,-3.2296839,-8.244855,1.4597644
7253486,-4.0631504,-7.7814183,4.831952
7253497,-4.3301954,-8.702304,1.8250049
7253507,-4.0954833,-8.873548,0.06346802
7253517,-3.5182836,-8.378976,-2.2165906
7253527,-4.118236,-7.3119946,-3.8835242
7253537,-5.1840196,-6.5767236,-6.3048887
7253547,-6.6210313,-6.5204406,-6.2474084
7253557,-6.558761,-8.032895,-6.427035
7253567,-7.0736904,-9.3453665,-3.9685473
7253577,-7.66047,-9.887838,-2.4860303
7253587,-7.8712316,-9.344169,-2.802173
7253597,-7.0389624,-8.267608,-3.8907092
7253607,-5.997129,-7.507189,-4.2080493
7253617,-4.740941,-6.6401916,-4.4667115
7253627,-4.103866,-6.100115,-4.853507
7253637,-3.8535864,-5.8318725,-4.792434
7253647,-4.1098537,-5.686974,-4.93374
7253657,-4.00567,-5.6630235,-4.916975
7253667,-4.3349853,-6.490503,-3.8907092
7253677,-4.819977,-7.4101906,-2.7327173
7253687,-5.9216857,-7.526349,-3.0081446
7253697,-7.2628965,-6.6797094,-5.542075
7253707,-9.22322,-7.3467226,-8.746612
7253717,-10.638677,-8.611293,-11.258986
7253727,-11.749966,-9.404044,-12.838502
7253737,-12.542717,-9.886641,-10.266252
7253747,-11.24342,-9.6830635,-7.6880126
7253763,-9.754914,-7.8963795,-3.4009278
7253773,-8.248447,-6.1516075,-3.4284704
7253783,-8.783734,-5.367239,-4.566105
7253793,-9.057964,-6.4018874,-6.9707046
7253803,-8.084389,-7.6940002,-7.6005945
7253813,-7.0880604,-8.702304,-9.050778
7253823,-5.5540504,-9.26154,-10.233918
7253833,-4.5050316,-6.9539394,-9.43518
7253843,-3.6404297,-5.7133193,-2.6488917
7253853,-3.5230737,-5.20797,3.0057495
7253863,-0.91849,-3.942202,5.576803
7253873,-0.05748047,-3.263214,5.7348742
7253883,0.26704466,-2.0381615,4.9529004
7253893,0.15328126,-2.6033862,2.7638526
7253903,-1.299298,-2.630929,2.259701
7253913,-3.6607873,-2.9817994,0.96040285
7253923,-5.82349,-5.518125,0.49337402
7253933,-7.205416,-7.6892104,3.253634
7253943,-5.757627,-9.72378,2.645299
7253954,-4.757706,-10.13692,3.253634
7253964,-4.27032,-8.970546,1.3663586
7253974,-4.9133825,-8.311915,1.1819421
7253984,-7.459288,-8.0017605,1.5711328
7253994,-6.541996,-8.127499,1.3400134
7254004,-5.005591,-10.421927,3.7565882
7254014,-4.7253737,-14.657519,4.6810656
7254024,-6.4988856,-16.917221,4.646338
7254034,-7.4976087,-15.214361,3.5458264
7254044,-6.9922595,-14.380895,1.1029065
7254054,-6.916816,-13.973742,0.7209009
7254064,-6.108497,-13.590538,2.325564
7254074,-5.9348583,-10.68538,1.3316308
7254084,-6.171965,-9.054371,1.5902929
7254094,-4.805607,-9.46392,1.407074
7254104,-4.301455,-10.072254,1.7136365
7254114,-2.7710376,-10.031539,-0.76640624
7254125,-6.060597,-10.196795,-1.6417859
7254135,-6.8677187,-8.556208,-1.8896704
7254145,-6.0953245,-7.0090246,-2.337539
7254155,-6.3527894,-5.812712,-1.1891272
7254165,-5.429509,-4.5373645,1.0897338
7254175,-6.1348424,-4.01525,1.7016613
7254185,-7.0952454,-2.4225624,2.2129982
7254195,-7.9251194,-1.1172767,3.561394
7254205,-9.19448,-1.0585986,7.123986
7254215,-7.0689,-0.9663904,7.8077636
7254225,-1.8944604,-2.8596532,6.0174866
7254235,-2.9650342,-11.836186,2.880011
7254245,-4.839137,-15.789166,4.3757005
7254255,-2.1998255,-11.208692,7.515571
7254266,-3.5122962,-9.684261,7.3359447
7254276,-4.60682,-6.2665687,8.772957
7254286,-4.070336,-1.7794995,2.906356
7254296,-3.4081128,0.61911255,-1.5663428
7254306,-4.9061975,0.84424436,-0.13891113
7254316,-7.3143897,-0.23471192,0.13172607
7254326,-9.044791,-3.4260755,-1.9303857
7254336,-8.525072,-8.277187,-1.9758911
7254346,-7.852072,-10.934462,0.7137158
7254356,-5.9851537,-10.552456,2.945874
7254366,-2.9422815,-7.03537,3.5482213
7254376,-1.6262183,-3.8272412,1.7280066
7254386,-4.8283596,-6.9922595,1.2789404
7254396,-6.695277,-10.339299,-1.0322534
7254406,-7.8939843,-10.607541,-1.8645227
7254416,-8.800499,-10.263856,-3.0201197
7254426,-8.504714,-10.116563,-4.6595106
7254436,-7.6496925,-10.148895,-4.9612827
7254446,-6.0809546,-9.605226,-3.9649549
7254456,-3.7901185,-8.727451,-2.3590941
7254466,-2.9518616,-7.2856493,-2.5243506
7254476,-5.1133666,-5.7384667,-3.800896
7254486,-6.9204087,-3.4883459,-4.998406
7254496,-7.6975927,-1.8010547,-6.3743443
7254506,-6.6844997,-4.3206153,-8.7334385
7254516,-8.420889,-6.7898803,-6.5863037
7254526,-6.6641417,-7.8005786,-7.9119473
7254536,-7.462881,-9.012459,-7.8736267
7254546,-6.5934887,-8.180189,-9.170529
7254556,-4.6271777,-7.4952135,-9.986034
7254571,-4.4247985,-7.8089614,-9.53577
7254581,-4.3062453,-6.7898803,-10.896141
7254591,-5.6091356,-5.157675,-11.765533
7254601,-5.629493,-2.718347,-12.285253
7254611,-3.8990917,-2.5123756,-9.662706
7254621,-2.5710535,-5.1600695,-7.444918
7254631,-2.7087672,-6.7922754,-4.1805067
7254641,-3.8847218,-8.426876,-3.7003052
7254651,-4.106261,-13.9318285,1.5902929
7254661,-3.5242712,-14.840738,1.8872753
7254671,-2.330354,-8.149054,-3.984115
7254681,-3.2739916,-4.4954515,-5.24629
7254691,-5.879773,-4.093088,-3.2081287
7254701,-5.435497,-3.1374755,-0.5029541
7254711,-3.8871167,-3.509901,-2.7279272
7254721,-3.2081287,-3.182981,-5.254673
7254731,-4.381688,-4.453539,-5.4259167
7254741,-4.7205834,-5.4331017,-4.8175817
7254751,-4.7541137,-6.404282,-6.8305955
7254761,-5.229525,-6.9874697,-7.61257
7254771,-5.788762,-8.158634,-7.8616514
7254781,-6.916816,-8.023315,-7.95865
7254791,-7.132368,-5.5360875,-8.23767
7254801,-6.774313,-3.1686108,-8.595725
7254811,-6.388715,-2.8297155,-8.177794
7254821,-6.4497876,-4.2559495,-5.9300685
7254831,-6.500083,-7.1455407,-4.5936475
7254841,-6.763535,-8.796906,-3.9362147
7254851,-7.2413416,-9.0567665,-3.747008
7254861,-7.4341407,-8.672366,-4.3541455
7254871,-7.6568775,-7.7862086,-4.716991
7254881,-7.6472974,-7.197034,-4.9540977
7254891,-7.3539076,-6.884484,-4.4331813
7254902,-6.6413894,-6.8329906,-3.66917
7254912,-6.3204565,-7.594607,-3.6009119
7254922,-7.2149963,-8.089178,-4.9038024
7254932,-8.2233,-8.619676,-3.4356556
7254942,-8.819659,-9.1130495,-3.8464015
7254952,-8.9585705,-8.749006,-3.817661
7254962,-9.582473,-7.4329433,-3.9398072
7254972,-9.588461,-6.016289,-2.530338
7254982,-8.634046,-6.030659,-0.9627979
7254992,-7.042555,-5.908513,0.0119750975
7255002,-6.5455885,-5.708529,-0.5556445
7255012,-7.332352,-6.6090565,-1.033451
7255022,-8.103549,-7.7035804,-0.10777588
7255032,-8.523874,-10.033935,1.0765613
7255042,-7.994575,-8.053253,1.7998571
7255052,-6.347999,-9.496252,-0.120948486
7255062,-6.3815293,-10.290201,-0.9029224
7255072,-8.255632,-7.1120105,-0.5173242
7255082,-8.28557,-2.8333082,1.169967
7255092,-4.912185,-3.2177088,3.9469922
7255102,-6.470145,-7.749086,3.7218604
7255112,-6.8258057,-10.302176,1.6561561
7255122,-5.7707996,-9.503437,2.208208
7255132,-5.9049206,-7.5586815,2.017804
7255142,-7.961045,-4.888235,1.5843054
7255152,-8.095166,-4.245172,2.2369483
7255162,-5.9121056,-5.4606447,4.33259
7255172,-5.7755895,-7.8005786,3.6464171
7255182,-6.8964586,-7.4054003,4.8187795
7255192,-7.3263645,-5.621111,7.514374
7255202,-7.667655,-4.3218126,8.850795
7255212,-8.522677,-4.773274,8.853189
7255222,-6.4809227,-5.1145644,7.9742174
7255232,-4.3385777,-7.4736586,6.8317933
7255242,-3.5003211,-10.668614,3.3578174
7255252,-3.0452673,-10.036329,2.535128
7255262,-2.9602442,-6.964717,3.2823744
7255272,-4.54934,-4.9217653,4.482279
7255282,-7.5670643,-4.1613464,8.008945
7255292,-6.4569726,-0.55803955,6.5276256
7255307,-6.3982944,0.43469605,2.2812562
7255317,-5.078639,-0.38080812,1.6417859
7255327,-3.1302905,-3.5853443,3.9877076
7255337,-2.2201831,-7.862849,6.6868944
7255347,-1.8693128,-7.0533323,7.7610607
7255357,-2.2585034,-3.0596375,7.6413097
7255367,-4.3146276,-1.5878979,2.7135572
7255377,-5.9025254,-1.1532019,-0.122145995
7255387,-5.788762,-2.323169,-1.1591895
7255397,-6.009104,-5.642666,-1.6657361
7255407,-6.866521,-8.27599,-0.46223876
7255417,-7.355105,-8.806487,2.0968397
7255427,-7.5694594,-8.026908,3.2680042
7255437,-5.6654186,-6.3923073,1.729204
7255447,-4.701423,-7.026987,-0.81191164
7255457,-5.108577,-7.5658665,-2.4848328
7255467,-4.9361353,-7.4161777,-3.5003211
7255477,-4.8570995,-8.217312,-3.2260914
7255487,-5.156477,-9.8590975,-2.1734803
7255497,-5.436694,-10.539284,-1.5148499
7255507,-5.5540504,-8.9442005,-2.208208
7255517,-6.029462,-6.8090405,-4.1805067
7255527,-6.650969,-4.90979,-5.7947497
7255537,-7.2341566,-3.6955152,-6.4713426
7255547,-7.169491,-5.403164,-6.764733
7255557,-7.430548,-8.429272,-5.982759
7255569,-6.803053,-10.668614,-6.0617943
7255580,-7.1287756,-11.565549,-7.0078273
7255590,-6.0809546,-9.416019,-6.774313
7255600,-5.6438637,-8.735834,-8.728649
7255610,-5.2882032,-7.516769,-7.95386
7255620,-4.5684996,-7.6005945,-6.8258057
7255630,-5.2989807,-6.8234105,-9.411229
7255640,-6.2414207,-7.150331,-7.731123
7255650,-7.505991,-5.447472,-6.8162255
7255660,-6.9048414,-3.558999,-5.9468336
7255670,-5.4438796,-3.297942,-5.6570363
7255680,-4.721781,-4.1122484,-5.9779687
7255690,-5.1780324,-4.7469287,-4.6475353
7255700,-4.7253737,-5.8654027,-5.3624487
7255710,-4.9505053,-6.7826953,-5.1049843
7255720,-5.0415163,-7.508386,-4.6666956
7255730,-4.333788,-6.4438,-4.9852333
7255740,-4.1685314,-6.946754,-7.3826475
7255750,-4.8570995,-7.7502832,-7.852072
7255760,-4.7062135,-9.065149,-7.5981994
7255770,-5.18881,-9.163344,-6.1132874
7255780,-5.5312977,-6.5192432,-4.1218286
7255790,-5.2654505,-4.1733217,-4.8008165
7255800,-5.3899913,-2.9985645,-6.3300366
7255810,-5.1947975,-2.9937744,-8.364606
7255820,-5.005591,-3.8284388,-8.056846
7255830,-5.769602,-4.566105,-6.7767076
7255840,-5.670209,-4.719386,-5.7312818
7255850,-6.067782,-6.1611876,-5.1600695
7255860,-6.0965223,-6.4713426,-4.5397596
7255870,-5.670209,-6.101312,-4.7445335
7255880,-5.20797,-5.7564297,-5.640271
7255890,-4.8163843,-5.860613,-7.060518
7255900,-5.021158,-5.6582336,-8.249645
7255910,-5.4019666,-5.437892,-7.946675
7255920,-6.274951,-5.6019506,-6.5360084
7255930,-7.0413575,-6.1791506,-5.252278
7255940,-6.974297,-6.6868944,-3.9709425
7255950,-6.0809546,-7.0341725,-2.7842102
7255960,-4.90979,-7.757468,-2.1124072
7255970,-4.418811,-8.589738,-2.4153771
7255980,-3.8212538,-9.103469,-3.2189062
7255990,-4.1242237,-9.951306,-3.3290772
7256000,-5.21276,-9.793235,-3.1793885
7256010,-6.1120896,-8.921448,-1.2693603
7256020,-6.7060547,-8.505912,-0.9687854
7256030,-6.561156,-7.980205,-1.4489868
7256040,-6.1552,-7.8029737,-0.63587767
7256050,-5.7348742,-8.418493,-0.20836669
7256060,-5.6881714,-8.224497,-1.1196716
7256070,-5.5756054,-8.321495,0.31494507
7256080,-5.364844,-7.7838135,0.6646179
7256090,-5.9444385,-7.9430823,1.0801538
7256100,-6.5503783,-7.150331,0.04430786
7256110,-7.247329,-6.9671116,-0.03592529
7256120,-7.505991,-8.008945,1.52922
7256130,-7.4964113,-9.389674,3.0440698
7256140,-6.773115,-9.212442,3.4057178
7256150,-6.079757,-7.956255,2.4513025
7256160,-6.6413894,-6.514453,2.1974304
7256170,-6.835386,-5.6247034,1.6525635
7256180,-7.252119,-5.259463,2.347119
7256190,-7.2102065,-6.036647,3.5158887
7256200,-7.174281,-5.492977,3.5745666
7256211,-7.4197707,-4.8750625,2.45729
7256221,-5.518125,-4.6475353,3.439248
7256231,-5.2977834,-4.477489,1.1639795
7256241,-7.1706886,-5.0475035,0.11735596
7256251,-7.218589,-4.701423,2.2333558
7256261,-5.522915,-3.2033386,4.0332127
7256271,-6.062992,-2.4465125,4.614005
7256281,-8.104746,-3.3290772,4.8032117
7256291,-9.375304,-4.794829,5.151687
7256301,-8.150251,-6.2258534,6.7108445
7256311,-7.2832546,-6.894064,7.060518
7256321,-6.8952613,-6.573131,6.7994604
7256331,-6.7312026,-5.447472,5.8654027
7256341,-6.3959,-4.843927,5.254673
7256351,-5.7133193,-4.62119,4.240382
7256361,-5.2510805,-3.9338195,4.5038342
7256371,-5.3612514,-3.4823585,4.023633
7256381,-5.653444,-3.6140845,3.8631666
7256391,-5.6007533,-3.9170544,3.427273
7256401,-6.2162733,-4.4415636,3.530259
7256411,-6.6581545,-5.1205516,3.3302746
7256421,-6.314469,-6.3515916,2.8440857
7256431,-6.0761647,-8.60291,2.7422974
7256441,-5.060676,-11.158396,3.0943651
7256451,-4.643943,-13.237273,2.9027636
7256461,-5.1456995,-12.728332,2.3135889
7256471,-5.598358,-10.74765,0.88735473
7256481,-5.4067564,-8.2197075,-0.40835083
7256491,-4.6966333,-6.6844997,-1.22146
7256501,-4.8331494,-6.11688,-2.2992187
7256511,-4.5445495,-6.277346,-2.4932153
7256528,-4.8247666,-7.115603,0.9951306
7256538,-5.133724,-8.601712,0.16166382
7256548,-5.484595,-9.953701,-1.0118958
7256558,-5.1037865,-9.930948,-1.8741028
7256568,-5.391189,-9.59325,-2.4776478
7256579,-5.562433,-9.793235,-2.43813
7256589,-5.3241286,-8.88193,-1.8309925
7256599,-4.843927,-7.9981675,-2.7267296
7256609,-4.7960267,-7.4736586,-3.4943335
7256619,-5.18881,-7.379055,-3.434458
7256629,-5.6007533,-7.235354,-3.3530273
7256639,-5.484595,-7.191046,-3.4332604
7256649,-5.2307224,-7.5107813,-3.2692018
7256659,-4.463119,-7.715555,-3.4440382
7256669,-4.4894643,-8.240065,-3.7003052
7256679,-4.628375,-9.077124,-3.0225146
7256689,-4.566105,-9.19448,-2.4884253
7256699,-4.6619053,-9.48308,-3.5063086
7256709,-4.8726673,-7.0245924,-4.0044727
7256719,-5.381609,-3.739823,-2.7327173
7256729,-4.003275,-4.799619,-4.8666797
7256739,-4.021238,-6.864126,-4.1457787
7256749,-3.9146595,-8.1071415,-2.5087829
7256759,-4.1170387,-9.459129,-1.8154248
7256769,-4.3218126,-9.909393,-2.5962012
7256779,-4.4511437,-9.629176,-3.5721717
7256789,-4.2439747,-8.847202,-4.4571314
7256799,-4.3757005,-7.8317137,-4.787644
7256809,-4.3697133,-7.169491,-5.4534593
7256819,-4.381688,-6.73719,-5.748047
7256829,-4.2727146,-6.2090883,-5.812712
7256839,-4.179309,-6.3036914,-5.8402553
7256849,-4.1936793,-6.6701293,-5.2882032
7256859,-4.5122166,-7.2928343,-4.9085927
7256869,-4.860692,-8.226892,-4.5780797
7256879,-5.1935997,-8.6699705,-4.409231
7256889,-5.6390734,-8.008945,-4.111051
7256899,-5.2870054,-7.39582,-4.6966333
7256909,-5.4390893,-6.678512,-4.639153
7256919,-5.5708156,-6.2713585,-4.5984373
7256929,-5.555248,-5.989944,-4.406836
7256939,-6.037844,-6.74677,-3.5003211
7256949,-6.2078905,-7.4173756,-2.623744
7256959,-6.4473925,-8.626861,-2.0920496
7256969,-6.963519,-9.071136,-1.4406042
7256979,-7.223379,-8.763376,-1.228645
7256989,-7.2413416,-7.99697,-1.7639319
7256999,-7.3131924,-7.862849,-1.9184107
7257009,-7.3778577,-7.0018396,-2.4261549
7257019,-7.3586974,-7.4664736,-1.2094848
7257029,-6.650969,-8.200547,-0.25267455
7257039,-6.779103,-8.523874,-0.30416748
7257049,-7.01142,-8.122708,-0.37482056
7257059,-7.7622585,-7.9155397,-0.8969348
7257069,-7.7119627,-7.96344,-0.07783814
7257079,-7.2365513,-7.926317,0.91849
7257089,-6.995852,-7.6101747,1.1567944
7257099,-7.2808595,-7.820936,1.0921289
7257109,-8.28078,-8.689131,2.4560926
7257119,-7.7035804,-7.9993653,1.22625
7257129,-7.540719,-7.507189,1.7639319
7257139,-7.0736904,-7.197034,2.7075696
7257149,-5.945636,-6.6844997,3.2440538
7257159,-7.0437527,-5.8091197,2.3135889
7257170,-7.176676,-5.294191,2.027384
7257180,-6.822213,-5.9288707,3.1602283
7257190,-6.1671753,-7.1898484,4.29906
7257200,-6.004314,-7.728728,4.4954515
7257210,-6.788683,-6.549181,3.2117212
7257220,-6.795868,-5.1157618,2.2285657
7257230,-6.490503,-3.7134778,2.5387206
7257240,-6.182743,-4.150569,3.2692018
7257250,-6.300099,-5.1145644,4.6415477
7257260,-5.973179,-5.773195,4.651128
7257270,-5.9145007,-5.7300844,3.8907092
7257280,-6.0881395,-4.355343,4.484674
7257290,-6.2725563,-4.1517663,4.6499305
7257300,-6.1288548,-4.6355605,4.822372
7257310,-5.8330703,-4.9157777,4.90979
7257320,-5.9372535,-5.2498827,5.093009
7257330,-6.0893373,-5.0750465,4.926555
7257340,-5.3852015,-4.773274,4.0511756
7257350,-5.8666005,-5.1672544,4.675078
7257360,-5.421127,-3.6116896,4.92416
7257370,-5.435497,-4.406836,4.31822
7257380,-5.579198,-5.767207,5.007986
7257390,-4.997208,-6.143225,5.215155
7257400,-4.973258,-6.0689793,5.1037865
7257410,-5.2582655,-5.461842,4.7038183
7257420,-5.356461,-4.9648757,4.4128237
7257430,-5.182822,-4.724176,3.810476
7257440,-5.205575,-4.6726832,3.2548316
7257450,-5.022356,-3.925437,4.1290135
7257460,-5.2798204,-4.4331813,4.3469605
7257470,-5.854625,-5.556445,4.3122325
7257480,-5.579198,-5.716912,5.4235215
7257490,-5.036726,-6.5863037,6.671327
7257500,-4.731361,-7.274872,7.8029737
7257510,-4.4906616,-7.179071,7.8377013
7257520,-4.482279,-7.103628,7.100035
7257530,-4.3385777,-6.915619,5.8809705
7257540,-4.454736,-6.915619,5.069059
7257550,-4.2799,-7.147936,4.8283596
7257560,-4.247567,-7.067703,4.3301954
7257570,-4.4403663,-6.793473,3.502716
7257580,-4.7517185,-6.5216384,3.1255004
7257590,-4.5325747,-6.339617,3.3817675
7257600,-4.211642,-6.0965223,3.493136
7257610,-4.101471,-6.300099,3.3242872
7257620,-4.1314087,-6.622229,2.884801
7257630,-4.174519,-6.993457,2.7231371
7257640,-4.533772,-7.282057,2.4788451
7257650,-4.461921,-7.3299575,2.3782544
7257660,-4.4571314,-7.110813,1.9303857
7257670,-4.670288,-7.0245924,1.893263
7257680,-4.9445176,-7.6161623,1.6777111
7257690,-5.1672544,-7.6940002,2.083667
7257700,-4.9840355,-7.4904237,1.6944764
7257710,-4.60203,-7.1850586,1.0897338
7257720,-5.133724,-7.494016,0.58198977
7257730,-5.6007533,-7.868837,0.803529
7257740,-5.2403026,-7.545509,0.50894165
7257750,-5.581593,-7.7790236,0.04670288
7257760,-5.6570363,-8.525072,-0.038320314
7257770,-6.070177,-9.034014,-0.4155359
7257780,-6.114485,-9.251961,-1.3519886
7257790,-6.206693,-8.977731,-1.6777111
7257800,-6.192323,-8.316706,-1.8860779
7257810,-6.2977037,-8.291557,-1.5220349
7257820,-6.1815453,-8.937016,-0.91609496
7257830,-5.9923387,-9.572893,-0.44786865
7257841,-5.989944,-9.831555,-0.43828857
7257851,-5.7312818,-9.462722,-0.75083864
7257861,-5.5780005,-9.272318,-1.4765296
7257871,-5.749244,-9.177715,-1.3376184
7257881,-5.654641,-9.259146,-1.1328442
7257891,-5.5851855,-9.119037,-0.864602
7257901,-5.24629,-8.819659,-1.0106982
7257911,-5.264253,-8.954978,-1.0202783
7257921,-5.3696337,-9.417217,-0.37482056
7257931,-5.6654186,-9.831555,0.54606444
7257941,-6.0641894,-9.993219,1.2777429
7257951,-5.628296,-9.798025,2.1615052
7257961,-4.9948134,-8.284372,2.0824695
7257971,-5.811515,-6.6473765,0.796344
7257981,-5.80433,-6.7383876,1.1759546
7257991,-6.255791,-6.309679,1.8202149
7258001,-6.7192273,-7.085665,3.8212538
7258011,-5.8558226,-7.7921963,4.411626
7258021,-5.2403026,-6.2234583,5.285808
7258031,-5.0654664,-4.325405,2.7255323
7258041,-6.5719337,-4.475094,2.147135
7258051,-6.963519,-6.5288234,2.6536818
7258061,-6.470145,-7.9826,4.381688
7258071,-5.4534593,-8.394544,4.311035
7258081,-6.205496,-6.8317933,2.814148
7258091,-6.8725085,-4.9720607,2.9841943
7258101,-6.3180614,-3.3410523,5.3612514
7258111,-5.3456836,-2.3614893,6.7335973
7258121,-5.4438796,-3.4057178,6.3743443
7258131,-5.5588403,-5.400769,6.603069
7258141,-4.975653,-7.763456,5.8031325
7258151,-5.322931,-8.428074,5.6570363
7258161,-6.100115,-7.65089,5.8474402
7258171,-5.3768187,-5.762417,5.7360716
7258181,-5.2426977,-4.827162,5.20797
7258191,-6.4030848,-4.7385464,5.564828
7258201,-6.514453,-4.216432,7.3706727
7258211,-6.8808913,-5.0019984,8.541837
7258221,-7.2401443,-4.3385777,8.5574045
7258231,-3.6476147,-1.3076806,4.7325587
7258241,-0.556842,-0.6550378,2.6069787
7258251,-3.3254845,-5.1480947,2.2249732
7258261,-5.2115626,-5.5935683,5.4893847
7258271,-3.8332288,-6.3539867,8.121511
7258281,-4.1074586,-5.7839723,10.13692
7258291,-4.3780956,-3.7601807,9.977652
7258301,-5.310956,-1.3076806,8.110734
7258311,-6.302494,-0.45984375,6.436615
7258321,-6.4893055,-0.014370117,5.5133348
7258331,-6.0665846,-0.97118044,4.8091993
7258341,-5.310956,-3.1937585,3.817661
7258351,-4.988826,-5.037924,3.0440698
7258361,-4.709806,-4.7912364,2.8919861
7258371,-5.2798204,-4.863087,1.531615
7258381,-6.470145,-5.48699,1.7567468
7258391,-5.4067564,-5.860613,2.389032
7258401,-5.1720448,-6.6892896,2.6536818
7258411,-5.492977,-6.7060547,3.4799633
7258421,-4.472699,-6.993457,3.866759
7258431,-4.763694,-6.046227,4.2008643
7258442,-5.3384986,-6.349197,0.8478369
7258452,-6.0270667,-5.564828,-1.4418018
7258462,-6.9754944,-4.643943,-3.2548316
7258472,-6.5623536,-6.1073,-5.3612514
7258482,-6.4066772,-8.87714,-5.156477
7258492,-6.573131,-11.264975,-3.627257
7258502,-6.2809386,-11.388318,-2.1698878
7258512,-5.8187,-9.465117,-2.2848487
7258522,-6.483318,-6.6401916,-3.05365
7258532,-6.074967,-3.913462,-4.6966333
7258542,-5.980364,-3.0057495,-6.531218
7258552,-5.9779687,-5.19839,-7.7933936
7258562,-6.9599266,-8.244855,-7.0090246
7258572,-6.3036914,-9.53577,-7.2485266
7258582,-6.1552,-11.38233,-8.074808
7258608,-6.5300207,-11.629017,-6.827003
7258618,-5.4390893,-11.872112,-7.260502
7258628,-5.471422,-11.292517,-6.9132237
7258638,-6.4821205,-8.8460045,-6.1623855
7258648,-6.786288,-4.815187,-5.4534593
7258658,-3.5793567,-0.84424436,-7.4221654
7258668,-4.0104604,-2.0046313,-9.548943
7258678,-6.4402075,-5.8857603,-7.6413097
7258688,-6.2246556,-7.662865,-5.7097263
7258699,-5.1373167,-7.555089,-5.749244
7258709,-4.7445335,-7.3934255,-6.549181
7258719,-5.3696337,-6.2941113,-4.0439906
7258729,-5.503755,-5.5312977,-2.887196
7258739,-5.5432725,-6.074967,-2.4932153
7258749,-5.605543,-6.0761647,-2.1148024
7258759,-5.9707837,-4.0811133,-3.6392322
7258769,-6.021079,-2.389032,-7.7419004
7258779,-6.739585,-3.3230896,-9.457932
7258789,-6.284531,-4.831952,-9.48787
7258799,-5.640271,-5.6163206,-7.8329115
7258809,-5.7468495,-6.5623536,-5.9216857
7258819,-5.6342835,-7.004235,-4.7517185
7258829,-5.2139573,-6.955137,-4.01525
7258839,-4.687053,-7.5287437,-4.0044727
7258849,-5.400769,-7.728728,-3.4164953
7258859,-5.029541,-7.204219,-5.012776
7258869,-4.572092,-8.570578,-7.606582
7258879,-5.494175,-9.263935,-6.0641894
7258889,-5.5073476,-7.4173756,-5.7684045
7258899,-6.12167,-5.3696337,-5.271438
7258909,-6.197113,-4.148174,-4.660708
7258919,-5.318141,-4.487069,-5.247488
7258929,-4.883445,-5.4965696,-5.597161
7258939,-5.1768346,-6.6725245,-4.9768505
7258949,-5.4726195,-6.7312026,-4.7469287
7258959,-4.773274,-6.4593678,-5.2810183
7258969,-4.5936475,-7.125183,-5.315746
7258979,-4.8810496,-7.8939843,-4.780459
7258989,-5.2510805,-8.230485,-4.5457473
7258999,-5.4091516,-7.771838,-4.757706
7259009,-5.415139,-6.8042507,-5.364844
7259019,-5.358856,-5.640271,-6.245013
7259029,-5.415139,-5.0019984,-6.4030848
7259039,-5.5384827,-5.166057,-5.811515
7259049,-5.461842,-5.779182,-5.0918117
7259059,-5.3828063,-6.622229,-4.5517344
7259069,-5.637876,-6.77072,-4.5768824
7259079,-5.7755895,-6.470145,-4.8091993
7259089,-6.1743603,-6.4258375,-4.9481106
7259099,-6.610254,-6.485713,-4.884642
7259109,-6.666537,-6.3348265,-4.6271777
7259119,-6.5767236,-6.204298,-4.6403503
7259129,-6.5767236,-6.085745,-4.6104126
7259139,-6.7048573,-5.974376,-4.684658
7259149,-6.8186207,-5.7025414,-4.6726832
7259159,-6.7192273,-5.583988,-5.101392
7259169,-6.716832,-5.649851,-5.5660253
7259179,-6.956334,-5.769602,-6.156398
7259189,-7.01142,-5.9707837,-6.380332
7259199,-7.1850586,-6.1863356,-6.192323
7259209,-7.1838613,-6.3204565,-5.8031325
7259219,-7.1922436,-6.5156507,-5.457052
7259229,-7.05453,-6.7144375,-5.239105
7259239,-6.986272,-6.5443907,-5.125342
7259249,-6.8569407,-6.3815293,-5.0822315
7259259,-7.0401597,-6.1815453,-5.005591
7259269,-7.061715,-5.9612036,-5.061874
7259279,-7.026987,-5.684579,-5.190007
7259290,-6.9898643,-5.5073476,-5.1361194
7259300,-7.2006264,-5.4331017,-5.0977993
7259310,-7.1754785,-5.4115467,-4.8942223
7259320,-6.9335814,-5.50615,-4.581672
7259330,-6.8820887,-5.7875648,-4.655918
7259340,-6.8569407,-6.030659,-4.5684996
7259350,-7.1168003,-6.1396327,-4.684658
7259360,-7.36708,-6.072572,-4.9301476
7259370,-7.3994126,-5.8654027,-5.3241286
7259380,-7.3443274,-5.527705,-5.588778
7259390,-7.2365513,-5.2917957,-5.994734
7259400,-6.916816,-5.1756372,-6.262976
7259410,-6.929989,-5.22713,-6.212681
7259420,-7.019802,-5.5660253,-6.0953245
7259430,-6.9766917,-5.4965696,-5.994734
7259440,-6.6114516,-5.4187317,-6.1324477
7259450,-6.4821205,-5.3768187,-6.460565
7259460,-6.411467,-5.2558703,-6.9048414
7259470,-6.484515,-4.815187,-7.0174074
7259480,-6.4234424,-4.484674,-6.734795
7259490,-5.8905506,-4.636758,-6.6246243
7259500,-5.349276,-4.9648757,-6.5599585
7259510,-5.0487013,-5.518125,-6.654562
7259520,-5.116959,-5.6809864,-6.634204
7259530,-5.102589,-5.8905506,-6.724017
7259540,-5.003196,-6.2102857,-6.570736
7259550,-4.740941,-6.922804,-6.680907
7259560,-4.6104126,-7.531139,-6.580316
7259570,-4.811594,-7.606582,-6.258186
7259580,-5.0726514,-7.180269,-5.950426
7259590,-4.9373326,-6.3539867,-5.5780005
7259600,-4.946913,-5.8666005,-5.685776
7259610,-4.4128237,-5.6977515,-6.1372375
7259620,-4.235592,-5.5516553,-6.234236
7259630,-4.101471,-5.53968,-6.177953
7259640,-4.1170387,-5.877378,-6.2498035
7259650,-4.5397596,-6.284531,-6.389912
7259660,-5.0019984,-5.696554,-5.863008
7259670,-4.9768505,-4.7349534,-5.740862
7259680,-4.381688,-4.997208,-6.844966
7259690,-4.035608,-5.6414685,-7.2904396
7259700,-3.7901185,-6.6797094,-7.174281
7259710,-3.737428,-6.8329906,-6.533613
7259720,-4.679868,-6.16478,-5.645061
7259730,-5.5827904,-5.386399,-5.078639
7259740,-5.277426,-5.0846267,-5.292993
7259750,-4.6978307,-5.4726195,-5.591173
7259760,-4.230802,-6.1983104,-5.400769
7259770,-4.176914,-6.444998,-5.2917957
7259780,-4.198469,-6.422245,-5.522915
7259790,-4.719386,-5.967191,-5.6893687
7259800,-5.4115467,-5.4606447,-5.860613
7259810,-5.909711,-5.381609,-6.660549
7259820,-5.669011,-5.7360716,-7.388635
7259830,-4.951703,-6.450985,-7.9766126
7259840,-4.622388,-6.9216065,-7.423363
7259850,-4.7672863,-7.139553,-5.9983263
7259860,-4.663103,-6.8401756,-5.676196
7259870,-4.6726832,-6.055807,-5.403164
7259880,-4.7936316,-5.8402553,-5.0355287
7259890,-5.1924024,-6.492898,-4.9768505
7259900,-5.4630394,-7.0509377,-4.381688
7259910,-5.4414845,-7.2952294,-4.040398
7259920,-5.2798204,-7.8245287,-4.758904
7259930,-5.5372853,-8.046068,-5.004393
7259940,-5.8151073,-7.7359133,-4.92416
7259950,-5.884563,-7.425758,-4.987628
7259961,-5.781577,-7.4269557,-4.912185
7259971,-5.5684204,-7.350315,-4.446354
7259981,-5.51094,-7.521559,-4.118236
7259991,-5.334906,-7.6245446,-3.730243
7260001,-5.3373013,-7.9766126,-3.810476
7260011,-5.4390893,-8.341853,-4.115841
7260021,-5.853428,-8.675959,-4.1050634
7260031,-6.0737696,-8.928633,-4.5229945
7260041,-6.652167,-8.760982,-4.6128078
7260051,-7.0461473,-8.196955,-4.2391844
7260061,-7.1072206,-7.606582,-3.739823
7260071,-6.949149,-6.884484,-3.4428406
7260081,-6.876101,-6.291716,-3.4596057
7260091,-6.450985,-6.3204565,-3.4715807
7260101,-6.0689793,-6.5192432,-3.4129028
7260111,-6.4964905,-7.0689,-3.0033545
7260121,-6.4402075,-6.9778895,-2.8620484
7260131,-6.700067,-7.5371265,-2.4441175
7260141,-6.891669,-8.441246,-2.1459374
7260151,-7.340735,-8.667576,-1.3974938
7260161,-6.6234264,-7.9358974,-1.9208057
7260171,-6.4988856,-6.8114357,-2.7446923
7260181,-7.508386,-5.870193,-2.506388
7260191,-6.4737377,-6.2318406,-1.3316308
7260201,-6.1863356,-8.699908,1.3004956
7260211,-6.685697,-10.732082,2.4045997
7260221,-7.65089,-11.892469,2.46687
7260231,-6.553971,-9.023236,0.79514647
7260241,-7.0904555,-6.4030848,0.82867676
7260251,-6.6162415,-3.993695,0.31374756
7260261,-7.5754466,-3.9457946,1.0657837
7260271,-6.1552,-3.3638048,1.8717078
7260281,-5.5803957,-3.6009119,2.6931994
7260291,-5.5935683,-4.216432,2.8692334
7260301,-6.810238,-4.9433203,2.8764184
7260311,-7.1215906,-5.4390893,3.8464015
7260321,-6.3036914,-4.8822474,4.6882505
7260331,-5.7528367,-4.28948,4.397256
7260341,-5.8725877,-4.2763076,4.1002736
7260351,-5.542075,-4.3397756,4.061953
7260361,-5.6630235,-4.763694,4.1924815
7260371,-5.7767873,-4.7696815,4.2906775
7260381,-5.8198977,-4.9133825,4.566105
7260391,-5.7049365,-5.5468655,4.987628
7260401,-5.7947497,-6.12167,5.588778
7260411,-5.78038,-6.7922754,5.8342676
7260421,-5.874983,-6.9778895,5.781577
7260431,-5.7851696,-6.7120423,5.701344
7260441,-5.7923546,-6.14083,5.4163365
7260451,-5.760022,-5.8953404,5.3133507
7260461,-5.997129,-6.2785435,5.364844
7260471,-5.8654027,-6.484515,5.4810023
7260481,-5.7935524,-6.5695386,5.676196
7260491,-5.613926,-6.3180614,5.3768187
7260501,-5.4043617,-6.119275,5.2702403
7260511,-5.3852015,-6.1252623,5.0630713
7260521,-5.5803957,-6.2869263,4.8966174
7260531,-5.649851,-6.4653554,4.90979
7260541,-5.981561,-6.5108604,5.100194
7260551,-6.023474,-6.321654,4.973258
7260561,-6.268964,-6.380332,4.8427296
7260571,-6.3923073,-6.43422,4.691843
7260598,-6.5288234,-6.534811,4.446354
7260608,-6.6090565,-6.7144375,4.245172
7260618,-6.6485744,-6.8317933,3.9146595
7260628,-6.589896,-6.8725085,3.859574
7260638,-6.5288234,-6.6844997,3.8523889
7260648,-6.3456044,-6.062992,3.5122962
7260658,-6.1671753,-5.4402866,3.434458
7260668,-6.1288548,-5.6079383,3.6895275
7260678,-6.1073,-6.1444225,4.212839
7260688,-6.1671753,-7.1455407,4.869075
7260698,-6.421047,-7.5670643,5.1792297
7260708,-6.4569726,-7.394623,5.054689
7260718,-6.324049,-6.3791347,4.240382
7260728,-6.452183,-4.764891,3.5338514
7260738,-5.898933,-4.509822,3.114723
7260748,-6.194718,-4.89542,3.6284547
7260758,-6.2258534,-5.926476,3.7649708
7260768,-6.1540027,-6.0007215,4.132606
7260778,-5.78996,-6.133645,3.923042
7260788,-5.393584,-6.194718,3.2524366
7260798,-5.2498827,-6.724017,2.811753
7260808,-4.9948134,-7.0078273,2.3064039
7260818,-4.658313,-7.140751,1.7507592
7260828,-4.428391,-7.286847,1.096919
7260838,-4.162544,-7.3838453,0.9675879
7260848,-3.9637573,-8.029303,1.0154883
7260858,-3.7577856,-8.582553,0.9460327
7260868,-3.4823585,-8.600515,1.465752
7260878,-3.5218763,-8.428074,1.1591895
7260888,-3.446433,-8.211325,0.05388794
7260898,-3.4572108,-7.595804,-0.556842
7260908,-3.3159046,-7.1371584,-1.541195
7260918,-3.06323,-6.898854,-2.591411
7260928,-3.1434631,-7.1658983,-2.9015663
7260938,-3.3015344,-8.206534,-2.7997777
7260948,-3.417693,-8.679551,-3.0177245
7260958,-3.4236803,-9.416019,-3.321892
7260968,-3.766168,-10.192005,-3.05365
7260978,-4.0739284,-10.888956,-3.368595
7260988,-4.2391844,-11.446996,-3.1745985
7260998,-4.536167,-11.41586,-2.938689
7261008,-4.240382,-10.563233,-3.2045362
7261018,-4.0906935,-9.359736,-3.7529955
7261028,-3.8320313,-7.9430823,-4.27511
7261038,-4.1373963,-7.0413575,-5.0810337
7261048,-4.487069,-6.7144375,-5.6462584
7261058,-4.6690907,-6.8317933,-5.2163525
7261068,-4.773274,-7.4808435,-4.030818
7261078,-4.821174,-8.799302,-2.5926087
7261088,-4.836742,-9.422007,-2.1639001
7261098,-4.780459,-9.503437,-2.7937903
7261108,-4.724176,-9.0148535,-3.8583765
7261118,-4.4499464,-7.980205,-4.5301795
7261128,-4.247567,-7.5287437,-5.004393
7261138,-4.269122,-7.4688683,-5.2654505
7261148,-4.3852806,-7.6245446,-5.132527
7261158,-4.750521,-7.7909985,-4.4475513
7261168,-5.034331,-7.8053684,-4.0368056
7261178,-5.127737,-7.834109,-3.8907092
7261189,-5.166057,-7.785011,-3.8308337
7261199,-4.942123,-7.9251194,-3.7565882
7261209,-4.766089,-7.95865,-3.9565723
7261219,-4.934938,-7.8029737,-3.998485
7261229,-4.8750625,-7.2341566,-4.150569
7261239,-5.1289344,-7.004235,-4.4176135
7261249,-5.7288866,-7.2784643,-4.5469446
7261259,-5.83786,-7.4293504,-4.590055
7261269,-6.485713,-7.7754307,-3.3314722
7261279,-6.2965064,-7.564669,-3.3638048
7261289,-6.0665846,-7.6077795,-3.129093
7261304,-6.2821364,-7.870034,-2.586621
7261314,-6.610254,-8.303533,-2.8357031
7261324,-6.861731,-8.54064,-2.6644592
7261334,-7.332352,-8.499925,-2.0848646
7261344,-7.5047936,-8.307125,-1.4789245
7261354,-7.1191955,-7.5610766,-1.0753638
7261364,-6.6497717,-7.276069,-0.9627979
7261374,-6.534811,-7.460486,-0.8071216
7261384,-7.3634877,-7.582632,-1.8130298
7261395,-7.6484947,-7.8029737,0.2215393
7261405,-7.994575,-6.8964586,-1.1304492
7261415,-9.073531,-7.1922436,0.732876
7261425,-7.5107813,-6.3743443,0.48020142
7261435,-6.864126,-5.586383,-0.22632934
7261445,-6.4402075,-5.5708156,0.97477293
7261455,-5.5923705,-5.339696,1.4537768
7261465,-6.556366,-5.676196,1.5639478
7261475,-6.9096313,-6.143225,1.8585352
7261485,-6.7755103,-6.285729,2.906356
7261495,-6.822213,-6.876101,3.66917
7261505,-6.884484,-6.603069,3.9314246
7261515,-7.01142,-5.50615,3.429668
7261525,-7.036567,-4.693041,3.4021254
7261535,-6.8976564,-4.7864466,3.429668
7261545,-6.533613,-4.7385464,3.7805383
7261555,-6.9192114,-5.8965383,3.8523889
7261565,-7.0808754,-6.957532,4.8187795
7261575,-6.74677,-7.484436,5.6642213
7261585,-6.6186366,-7.228169,5.6833816
7261595,-6.9611244,-5.6175184,5.733677
7261605,-6.617439,-4.694238,5.2115626
7261615,-6.2737536,-4.452341,4.5708947
7261625,-6.1695704,-5.0570836,4.190087
7261635,-6.3719497,-5.811515,4.5002418
7261645,-5.9133034,-6.5372057,4.942123
7261655,-5.7205043,-4.477489,4.6247826
7261665,-6.0593996,-5.367239,3.98651
7261675,-5.500162,-5.6223083,5.2331176
7261685,-5.5875807,-6.3791347,5.18881
7261695,-5.9192905,-6.563551,5.5660253
7261705,-5.7612195,-6.6581545,4.925358
7261715,-5.760022,-6.4378123,4.6966333
7261725,-5.732479,-6.734795,5.278623
7261735,-5.4798045,-6.577921,4.658313
7261745,-5.2355127,-6.3372216,3.6033068
7261755,-3.9242394,-5.142107,2.5483007
7261765,-5.294191,-6.0007215,2.2333558
7261775,-4.9385304,-6.5767236,2.1064196
7261785,-4.463119,-6.749165,1.9243982
7261795,-4.7110033,-7.339537,1.4358143
7261805,-4.6259804,-7.6101747,0.9939331
7261815,-5.1037865,-8.420889,0.78915894
7261825,-4.9936156,-8.013736,0.88735473
7261835,-4.7936316,-7.811356,0.82867676
7261845,-4.7553115,-8.083191,0.70533323
7261855,-5.3049684,-8.392148,2.078877
7261865,-4.8355446,-8.962163,0.9304651
7261875,-5.0870214,-9.093889,1.3747412
7261885,-5.464237,-10.140512,0.19160156
7261895,-5.5145326,-9.895023,0.2694397
7261905,-5.132527,-9.128617,0.17124389
7261915,-5.366041,-9.066346,-0.25387207
7261925,-5.292993,-7.836504,-1.6106507
7261935,-5.173242,-6.2665687,-3.6799476
7261945,-5.3971767,-6.3276415,-4.343368
7261955,-5.247488,-7.980205,-4.869075
7261965,-5.2822156,-8.897497,-2.5423133
7261975,-4.439169,-10.148895,-1.3891113
7261985,-4.946913,-11.797866,-0.7149133
7261995,-5.108577,-11.54639,-0.8262817
7262005,-5.2247353,-9.872271,-1.6298108
7262015,-5.415139,-7.699988,-2.806963
7262025,-5.2343154,-6.1599903,-3.7996986
7262036,-5.034331,-5.134922,-4.599635
7262046,-4.4080334,-4.5445495,-5.466632
7262056,-3.9757323,-4.878655,-6.3156667
7262066,-3.913462,-6.7312026,-6.7312026
7262076,-4.7325587,-8.850795,-6.450985
7262086,-5.3684363,-9.369316,-5.715714
7262096,-5.259463,-8.805289,-5.0966015
7262106,-5.0822315,-7.843689,-4.7720766
7262116,-4.61161,-6.666537,-4.9229627
7262126,-4.2415795,-6.4162574,-4.7038183
7262136,-4.1170387,-5.8953404,-4.493057
7262146,-4.3206153,-6.1420274,-4.604425
7262156,-4.454736,-6.8138304,-5.3265233
7262166,-4.677473,-7.540719,-5.7995396
7262176,-4.912185,-8.447234,-5.725294
7262186,-4.812792,-8.8460045,-4.4810815
7262196,-3.8152661,-8.481961,-6.4569726
7262206,-3.5817518,-8.53585,-7.8987746
7262216,-5.310956,-7.482041,-3.8954992
7262226,-5.0582814,-6.852151,-5.9192905
7262236,-5.019961,-6.485713,-6.4593678
7262246,-4.3565407,-6.0665846,-5.2750306
7262256,-3.8763392,-5.989944,-4.5457473
7262266,-3.8823266,-6.70845,-5.1109715
7262276,-3.9050794,-7.406598,-5.2798204
7262286,-3.8559813,-7.5586815,-5.373226
7262296,-3.6080968,-7.6401124,-5.701344
7262306,-3.478766,-7.97302,-5.500162
7262316,-3.9002893,-7.9454775,-5.2403026
7262326,-3.5925293,-7.682025,-5.127737
7262336,-3.3949401,-7.526349,-5.4342995
7262346,-3.5853443,-7.3563023,-5.3337083
7262356,-3.6943176,-7.204219,-5.1600695
7262366,-3.629652,-6.9754944,-4.8547044
7262376,-3.725453,-6.981482,-5.1217494
7262386,-3.5925293,-7.1611085,-5.3696337
7262396,-3.749403,-7.4101906,-5.412744
7262406,-3.9877076,-7.35271,-5.50136
7262416,-4.2978625,-7.219786,-5.316943
7262426,-4.778064,-7.3826475,-4.907395
7262436,-5.1672544,-7.5203614,-4.4810815
7262446,-5.0187635,-7.270082,-5.0259485
7262456,-4.6810656,-6.8677187,-5.603148
7262466,-4.749324,-7.3287597,-5.4091516
7262476,-5.16486,-7.9442797,-4.4487486
7262486,-5.5947657,-8.181387,-3.6571949
7262496,-5.964796,-8.091574,-3.190166
7262506,-6.163583,-8.170609,-3.150648
7262516,-6.2737536,-8.267608,-2.9985645
7262526,-6.3671594,-8.698711,-2.7207422
7262536,-6.4641576,-8.970546,-2.6129663
7262546,-6.695277,-8.612491,-3.065625
7262556,-7.218589,-7.6868153,-1.9962487
7262566,-7.0245924,-6.793473,-2.7303224
7262576,-7.4030056,-5.916896,-2.567461
7262586,-7.220984,-5.9300685,-3.0871801
7262596,-7.68442,-6.690487,-2.9219239
7262606,-7.7766285,-7.219786,-2.022594
7262616,-7.6940002,-7.437733,-1.5591577
7262626,-7.7466908,-7.286847,-1.5555652
7262636,-7.850874,-6.925199,-1.775907
7262646,-8.104746,-6.9132237,-2.086062
7262656,-8.389753,-7.09285,-1.9926562
7262666,-7.9502673,-7.0557275,-2.1507275
7262676,-8.133487,-7.026987,-1.4944922
7262687,-8.538244,-6.46775,-0.91489744
7262697,-7.819739,-5.421127,-0.4263135
7262707,-7.004235,-4.5936475,-0.43469605
7262717,-6.108497,-4.572092,-1.4058765
7262727,-5.8977356,-4.691843,-2.4800427
7262737,-6.0833497,-5.825885,-2.4069946
7262747,-6.312074,-7.4125853,-3.2236962
7262757,-6.514453,-8.388556,-3.5649865
7262767,-6.7431774,-9.539363,-3.5434313
7262777,-6.8964586,-10.10339,-1.3004956
7262787,-6.332432,-10.213561,-0.89932984
7262797,-5.676196,-10.116563,-1.7363892
7262807,-5.2965856,-9.86748,-2.806963
7262817,-4.8738647,-9.581276,-3.3482373
7262827,-4.883445,-8.55022,-2.9817994
7262837,-3.969745,-7.749086,-3.7685633
7262847,-4.211642,-7.8712316,-4.2822948
7262857,-4.622388,-7.0892577,-3.8068836
7262867,-4.1685314,-6.6258216,-4.4415636
7262877,-4.3768983,-6.3982944,-4.1314087
7262887,-4.3206153,-6.744375,-3.6488123
7262897,-4.204457,-8.20414,-3.1135254
7262907,-4.2020617,-9.5070305,-2.880011
7262917,-3.8954992,-9.73815,-3.4009278
7262927,-3.4799633,-9.326206,-4.367318
7262937,-3.2608192,-8.539442,-4.90979
7262947,-3.0859826,-7.557484,-5.4905825
7262957,-3.2548316,-6.9036436,-5.8761806
7262967,-3.800896,-6.685697,-6.1348424
7262977,-4.094286,-6.5300207,-6.082152
7262987,-4.26074,-6.7407823,-6.2593837
7262997,-4.0332127,-6.7850904,-6.339617
7263007,-3.8464015,-6.9659142,-6.3863196
7263017,-3.690725,-7.0748878,-6.245013
7263027,-3.6080968,-7.462881,-6.0330544
7263037,-3.7853284,-7.9370947,-6.028264
7263047,-3.9481897,-8.087981,-6.446195
7263057,-3.8272412,-7.852072,-6.6354017
7263067,-4.0164475,-7.7742333,-6.074967
7263077,-4.1709266,-7.667655,-6.1132874
7263087,-4.2104445,-6.673722,-6.7324
7263097,-3.969745,-5.979166,-7.260502
7263107,-4.525389,-6.0953245,-5.8833656
7263117,-4.9996033,-5.9935365,-5.452262
7263127,-4.581672,-5.7121215,-5.8905506
7263137,-4.8259645,-5.5217175,-5.3265233
7263147,-4.8307543,-5.588778,-5.6223083
7263157,-4.884642,-5.846243,-6.1767554
7263167,-5.124144,-6.460565,-6.2234583
7263177,-5.5360875,-7.205416,-6.180348
7263187,-5.5803957,-7.67005,-6.382727
7263197,-5.5803957,-8.032895,-6.4473925
7263207,-5.7660093,-7.6904078,-5.884563
7263217,-5.567223,-6.6066613,-5.579198
7263227,-5.3408937,-5.292993,-5.630691
7263237,-5.277426,-4.9648757,-5.133724
7263247,-5.661826,-5.1217494,-4.526587
7263258,-5.271438,-6.13125,-5.1385145
7263267,-5.3313136,-7.1706886,-5.126539
7263278,-4.942123,-7.3275623,-5.83786
7263288,-5.2163525,-7.2796617,-6.587501
7263298,-6.340814,-6.197113,-4.536167
7263308,-6.2653713,-5.7588243,-4.064348
7263318,-6.016289,-6.553971,-4.90021
7263328,-5.5384827,-6.502478,-4.267925
7263338,-5.4019666,-6.6725245,-4.0200405
7263348,-5.379214,-7.0437527,-4.6259804
7263358,-5.5995555,-7.0868626,-5.1624646
7263368,-5.889353,-6.6797094,-4.4643164
7263378,-5.273833,-7.286847,-5.7025414
7263388,-5.3947816,-6.5048733,-5.109774
7263398,-4.8331494,-6.5048733,-5.6103334
7263408,-4.7541137,-6.2881236,-5.069059
7263418,-4.8175817,-6.852151,-4.934938
7263428,-4.855902,-7.1072206,-4.4715014
7263438,-5.051096,-7.286847,-4.3301954
7263448,-5.1672544,-7.298822,-4.26074
7263458,-5.046306,-7.3994126,-4.423601
7263468,-5.046306,-7.2437367,-4.594845
7263478,-5.146897,-7.0233946,-4.836742
7263488,-4.997208,-6.916816,-5.181625
7263498,-4.987628,-7.0174074,-5.6714063
7263508,-5.0977993,-7.0557275,-5.8091197
7263518,-4.9624805,-7.156318,-6.0498195
7263528,-4.869075,-7.494016,-6.12167
7263538,-4.7816563,-7.9227247,-6.2737536
7263548,-4.7133985,-7.926317,-6.4749355
7263558,-4.55892,-7.765851,-6.4749355
7263568,-4.538562,-7.253317,-6.388715
7263578,-4.2834926,-6.6916847,-6.2713585
7263588,-4.164939,-6.436615,-6.3982944
7263598,-3.9948926,-6.5132556,-6.509663
7263608,-3.9398072,-7.0437527,-6.502478
7263618,-4.1397915,-7.3658824,-6.4881077
7263628,-4.149371,-7.2569094,-6.500083
7263638,-4.118236,-7.0820727,-6.564749
7263648,-4.2810974,-6.805448,-6.40548
7263658,-4.350553,-6.659352,-6.109695
7263668,-4.2882824,-6.4713426,-6.053412
7263678,-4.1781116,-6.5276256,-6.1468177
7263688,-4.118236,-6.308481,-6.6413894
7263698,-4.167334,-6.2258534,-7.1527257
7263708,-4.590055,-6.807843,-6.6138463
7263718,-4.9576902,-7.2293663,-5.9073157
7263728,-5.125342,-6.971902,-5.5935683
7263738,-5.597161,-6.822213,-5.019961
7263748,-5.6438637,-6.9120264,-5.1504893
7263758,-5.8510327,-6.2653713,-4.3134303
7263768,-5.464237,-5.9540186,-4.085903
7263778,-5.0666637,-6.170768,-3.495531
7263788,-5.26066,-6.8892736,-3.3326697
7263798,-5.2750306,-6.700067,-3.5350487
7263808,-5.374424,-7.077283,-4.3349853
7263818,-5.4893847,-7.3778577,-4.461921
7263828,-5.3540664,-7.0689,-4.775669
7263838,-5.349276,-6.331234,-5.325326
7263848,-5.653444,-6.1671753,-5.5073476
7263859,-6.051017,-6.0103016,-5.294191
7263868,-5.6726036,-6.2486057,-5.445077
7263879,-5.4702244,-7.0401597,-5.2007847
7263889,-4.4978466,-6.6485744,-6.4306273
7263899,-4.9540977,-7.1144056,-6.3539867
7263909,-5.7288866,-7.6389146,-5.938451
7263919,-6.340814,-7.108418,-5.0594788
7263929,-5.0918117,-6.0474243,-6.098917
7263939,-4.4259963,-5.940846,-5.6654186
7263949,-4.211642,-5.8007374,-6.492898
7263959,-3.8943017,-6.819818,-6.43422
7263969,-5.3528686,-6.5527735,-6.321654
7263979,-5.485792,-7.8245287,-6.2474084
7263989,-5.5636306,-7.394623,-4.4643164
7263999,-4.8020144,-7.931107,-6.2102857
7264009,-4.4176135,-7.037765,-6.3204565
7264019,-4.398453,-6.781498,-6.617439
7264029,-4.2906775,-6.077362,-6.411467
7264039,-4.2272096,-5.811515,-6.2234583
7264049,-4.4176135,-5.8582177,-6.340814
7264059,-4.3146276,-6.3767395,-6.575526
7264069,-4.509822,-7.186256,-6.6114516
7264079,-4.805607,-7.6245446,-6.270161
7264089,-4.6259804,-7.3539076,-6.5791187
7264099,-4.5601172,-6.835386,-7.100035
7264109,-4.240382,-6.4006896,-7.1275783
7264119,-3.988905,-6.079757,-6.8629284
7264129,-3.8763392,-5.9288707,-6.4917006
7264139,-3.7015028,-5.619913,-6.2881236
7264149,-3.9074743,-5.53489,-6.001919
7264159,-4.052373,-5.7636147,-5.7684045
7264169,-4.2367897,-6.13604,-5.4414845
7264179,-4.3002577,-6.910829,-5.53968
7264189,-4.340973,-7.498806,-5.732479
7264199,-4.550537,-7.8712316,-5.339696
7264209,-4.472699,-7.7359133,-5.316943
7264219,-4.7696815,-7.301217,-5.2977834
7264229,-4.805607,-6.724017,-5.1193542
7264239,-4.804409,-6.4665527,-4.8175817
7264249,-5.0175657,-6.676117,-4.709806
7264259,-5.052294,-6.6701293,-4.60682
7264269,-5.0726514,-6.6330066,-4.2032595
7264279,-5.0475035,-6.5228357,-4.191284
7264289,-5.1756372,-6.534811,-4.2763076
7264299,-5.3504734,-6.852151,-4.140989
7264309,-5.661826,-7.005432,-3.9338195
7264319,-5.676196,-5.9863515,-4.172124
7264329,-6.009104,-5.007986,-4.9289503
7264339,-5.9420433,-4.939728,-5.4953723
7264349,-6.1348424,-5.2702403,-5.5456676
7264359,-6.314469,-6.156398,-5.430707
7264369,-6.803053,-7.230564,-5.301376
7264379,-6.8677187,-7.373068,-5.6019506
7264389,-6.612649,-6.5946865,-6.082152
7264399,-6.6377964,-5.870193,-6.43422
7264409,-4.7325587,-6.018684,-7.7610607
7264419,-7.1730833,-5.372029,-6.2785435
7264429,-6.565946,-4.970863,-7.556287
7264439,-6.332432,-6.302494,-7.141948
7264449,-6.428232,-7.9035645,-5.53968
7264459,-6.1049047,-8.93462,-3.9433997
7264469,-5.908513,-8.432864,-3.9445972
7264479,-5.879773,-7.1431456,-4.336183
7264489,-5.964796,-5.8833656,-4.8582973
7264499,-5.613926,-5.015171,-5.8091197
7264510,-5.8390574,-4.411626,-5.706134
7264519,-5.1313295,-5.036726,-6.2977037
7264530,-4.9505053,-6.339617,-5.8965383
7264540,-4.790039,-6.883286,-5.950426
7264550,-4.8594947,-6.964717,-6.0126967
7264560,-5.015171,-6.7611403,-6.2521987
7264570,-4.8654823,-6.5503783,-6.441405
7264580,-4.531377,-6.428232,-6.421047
7264590,-4.4271936,-6.6497717,-6.6377964
7264600,-4.414021,-6.8258057,-6.979087
7264610,-4.277505,-7.003037,-7.4197707
7264620,-4.5158095,-6.949149,-7.380253
7264630,-4.756509,-6.9503465,-7.4125853
7264640,-4.877457,-6.8018556,-7.467671
7264650,-5.349276,-6.854546,-7.0629125
7264660,-5.3337083,-6.5192432,-7.012617
7264670,-5.1504893,-5.8318725,-6.6868944
7264680,-5.034331,-5.4821997,-6.1276574
7264690,-5.015171,-5.452262,-5.8833656
7264700,-5.400769,-5.685776,-5.660629
7264710,-5.621111,-5.845045,-5.6019506
7264720,-5.8666005,-6.045029,-5.8666005
7264730,-6.388715,-6.3132715,-5.51573
7264740,-6.610254,-6.12646,-5.6103334
7264750,-6.7431774,-5.767207,-5.812712
7264760,-7.3539076,-5.870193,-6.0977197
7264770,-7.450906,-5.7384667,-5.931266
7264780,-7.3287597,-6.4893055,-5.412744
7264790,-7.286847,-7.4401283,-4.27511
7264800,-7.2581067,-7.9646373,-3.7877233
7264810,-7.0892577,-7.731123,-3.138673
7264820,-6.8868785,-6.957532,-3.246449
7264830,-6.5455885,-5.901328,-3.988905
7264840,-5.9911413,-5.527705,-4.9505053
7264850,-7.0509377,-6.187533,-4.4667115
7264860,-7.306007,-5.581593,-4.078718
7264870,-7.2569094,-5.7288866,-3.5374439
7264880,-7.4976087,-7.1455407,-2.2980213
7264890,-8.120314,-9.733359,-1.8537451
7264900,-7.7670484,-9.702224,-1.2825329
7264910,-6.667734,-9.954899,-1.1160791
7264920,-6.688092,-10.811118,-0.69455564
7264930,-6.413862,-11.103311,0.10178833
7264940,-6.2665687,-9.406439,-1.104104
7264950,-6.358777,-10.47821,-2.581831
7264960,-6.5851064,-8.461604,-3.190166
7264970,-6.547983,-9.248368,-3.0428724
7264980,-6.0486217,-8.463999,-0.76760375
7264990,-5.4390893,-11.140433,0.6753955
7265000,-4.926555,-13.004956,1.0693762
7265010,-4.6080174,-13.637241,0.44427612
7265020,-4.637955,-12.395424,-0.9304651
7265030,-4.8331494,-9.782457,-1.6932788
7265040,-5.2067723,-8.380174,-1.472937
7265050,-4.5840673,-7.874824,-0.81789917
7265060,-4.1445813,-8.175399,-0.42511597
7265070,-4.078718,-7.8724294,0.57480466
7265080,-3.8368213,-7.458091,0.8214917
7265090,-3.6440222,-7.2928343,0.6478528
7265100,-3.690725,-7.5395217,0.53289187
7265111,-3.4775684,-8.212522,-0.008382568
7265121,-3.36141,-9.075927,-0.32572266
7265131,-2.6560767,-9.515412,-0.20716919
7265141,-2.2776635,-9.554931,0.71730834
7265151,-2.3447242,-9.422007,1.9303857
7265161,-2.7722352,-8.7334385,2.6979895
7265171,-3.2380664,-7.8796144,3.3985326
7265181,-3.1817834,-7.213799,3.9505847
7265191,-2.581831,-7.03537,4.778064
7265201,-2.5195606,-7.2413416,4.4343786
7265211,-2.6680517,-7.2832546,3.9457946
7265221,-2.7470875,-7.198231,3.578159
7265231,-2.6752367,-7.2102065,3.5961218
7265241,-2.689607,-7.091653,3.558999
7265251,-2.5243506,-7.04495,3.05844
7265261,-2.5590785,-6.8461633,2.5578809
7265271,-2.7758276,-6.774313,1.7723144
7265281,-3.3326697,-6.5743284,2.0501368
7265291,-3.817661,-6.1420274,2.1950355
7265301,-4.3122325,-5.3540664,2.283651
7265311,-4.494254,-3.9924974,1.9986438
7265321,-4.7541137,-3.0153296,1.4920971
7265331,-4.775669,-3.0764027,1.3543836
7265341,-5.718109,-4.4415636,1.7160316
7265351,-6.3683567,-5.898933,2.5997937
7265361,-6.0126967,-6.177953,3.3254845
7265371,-5.7707996,-6.6234264,3.5649865
7265381,-6.023474,-6.8976564,3.5158887
7265391,-6.2617784,-7.420968,2.7710376
7265401,-6.4881077,-7.819739,2.0405567
7265411,-6.450985,-7.980205,0.9448352
7265421,-6.302494,-7.8257265,-0.38919067
7265431,-5.7300844,-7.4952135,-1.3903089
7265441,-5.266648,-7.408993,-2.2477257
7265451,-5.0091834,-7.1706886,-2.1052222
7265461,-4.2882824,-8.198152,-2.8512707
7265471,-3.7003052,-9.224418,-2.8979735
7265481,-3.4895434,-10.929671,-2.7171497
7265491,-3.7362304,-12.075688,-1.341211
7265501,-3.4751732,-12.396621,-1.0609937
7265511,-3.185376,-11.436218,-0.7472461
7265521,-2.4704626,-9.699829,-0.7388635
7265531,-1.9639161,-8.048463,-1.0190808
7265541,-1.8561401,-6.6066613,-1.6034656
7265551,-1.7112415,-6.2150755,-2.0597167
7265561,-1.8717078,-6.2881236,-2.0824695
7265571,-2.0058289,-6.4330225,-1.5531702
7265581,-2.227368,-6.3923073,-1.4010864
7265591,-2.3028114,-5.964796,-1.5244299
7265601,-2.4022045,-5.449867,-1.343606
7265611,-2.43813,-5.2175503,-1.1424243
7265621,-2.8955786,-5.7767873,-0.99992067
7265631,-3.4943335,-6.817423,-0.45026368
7265641,-3.9493873,-7.9514647,-0.008382568
7265651,-4.436774,-8.960965,0.22632934
7265661,-4.2176294,-9.46871,-0.34847534
7265671,-4.0499783,-9.364527,-0.8190967
7265681,-4.113446,-9.498648,-1.1436218
7265691,-4.0188427,-9.691446,-1.0047107
7265701,-4.188889,-10.310559,-1.660946
7265711,-4.778064,-11.05541,-1.3615686
7265721,-5.3971767,-11.38233,-0.8358618
7265731,-5.3408937,-11.027867,-0.68976563
7265742,-5.3133507,-10.80992,-1.2561878
7265752,-5.3061657,-10.098599,-1.8309925
7265762,-5.4881873,-9.523795,-2.4704626
7265772,-5.716912,-8.9513855,-2.6704469
7265782,-6.3911095,-8.376581,-2.2165906
7265792,-6.356382,-8.145461,-3.3482373
7265802,-7.212601,-8.244855,-2.572251
7265812,-7.707173,-8.29994,-2.3602917
7265822,-7.980205,-8.484357,-2.1579125
7265832,-8.042476,-8.663983,-1.9016455
7265842,-8.489147,-8.708291,-1.9208057
7265852,-8.915461,-7.99697,-1.5651453
7265862,-9.405242,-7.6161623,-2.034569
7265872,-9.916578,-6.7755103,-2.003434
7265882,-9.544153,-6.3156667,-2.618954
7265892,-9.850716,-5.6809864,-1.6417859
7265902,-9.144184,-6.709647,-2.6848168
7265912,-9.842333,-6.980284,-0.5137317
7265922,-9.541758,-7.6640625,-1.3112732
7265932,-9.740544,-7.5610766,0.05867798
7265942,-9.472302,-7.8329115,-0.5041516
7265952,-9.202863,-7.3347473,-0.5640271
7265962,-9.453142,-6.7575474,-0.45026368
7265972,-8.516689,-6.692882,-0.81310916
7265982,-8.563393,-6.508466,-0.0071850587
7265992,-8.104746,-6.2330384,-0.32572266
7266002,-8.0580435,-6.029462,-0.3293152
7266012,-7.9035645,-6.035449,-0.25027955
7266022,-7.6413097,-6.3300366,0.4646338
7266032,-7.6161623,-7.3095994,1.1879296
7266042,-7.6724453,-7.8712316,1.5447876
7266052,-7.4293504,-7.773036,1.5399976
7266062,-7.5682616,-7.543114,1.5627502
7266072,-7.2928343,-7.484436,1.4142591
7266082,-7.1168003,-7.7107654,1.2226574
7266092,-7.2712793,-8.322693,1.111289
7266102,-7.389833,-9.0148535,1.1160791
7266112,-7.38145,-9.2747135,1.1436218
7266122,-7.33834,-9.24238,2.1854553
7266132,-7.0341725,-9.740544,1.4334192
7266142,-6.7312026,-9.279503,0.34847534
7266152,-6.724017,-8.083191,0.7232959
7266162,-6.7276096,-8.060438,1.2513977
7266172,-6.7431774,-8.479567,2.1962328
7266182,-6.194718,-8.52148,3.1638207
7266192,-5.0726514,-9.893826,1.6789087
7266202,-5.933661,-9.7321615,2.74589
7266212,-5.5097423,-9.433982,2.14474
7266222,-4.9301476,-9.11784,1.4968872
7266232,-4.742139,-8.990903,1.3184582
7266242,-4.8966174,-8.79571,1.5399976
7266252,-4.2487645,-8.376581,0.96160036
7266262,-3.5973194,-7.69879,1.4238391
7266272,-2.7937903,-7.4030056,1.7351917
7266282,-2.4560926,-7.5299416,1.7435743
7266292,-2.8273206,-8.076006,1.9363732
7266302,-3.3566198,-8.505912,1.9866687
7266312,-3.453618,-8.629255,2.1830604
7266322,-2.9147387,-8.207732,2.186653
7266332,-2.6728418,-8.070019,1.8238074
7266343,-2.6105714,-7.892787,1.7399817
7266353,-2.830913,-7.514374,1.778302
7266363,-2.6141639,-7.339537,1.834585
7266373,-2.5938063,-7.804171,2.2141955
7266383,-2.5075855,-8.332273,2.6117687
7266393,-2.530338,-8.746612,2.9171338
7266403,-2.4716601,-8.950188,2.757865
7266413,-2.4321423,-9.095087,2.3291564
7266423,-2.2872436,-9.152567,1.9088305
7266433,-2.2237756,-9.340576,1.8645227
7266443,-2.0680993,-8.869955,1.3388159
7266453,-2.0489392,-8.02571,1.1879296
7266463,-1.9255958,-7.094048,0.8107141
7266473,-1.773512,-6.5276256,0.8945398
7266483,-1.4920971,-5.494175,-0.31734008
7266493,-1.6980689,-5.5432725,0.5388794
7266503,-1.5902929,-6.828201,2.0118165
7266513,-1.4561719,-8.472382,3.1003528
7266523,-1.959126,-9.035212,3.2284863
7266533,-2.515968,-7.5395217,1.4813195
7266543,-2.5494983,-6.9287915,0.064665526
7266553,-2.2165906,-6.3719497,-0.19758911
7266563,-2.191443,-6.1348424,-0.4921765
7266573,-2.889591,-6.739585,-0.015567627
7266583,-4.094286,-8.002957,-0.23830444
7266593,-5.5073476,-9.108259,1.3795313
7266603,-5.686974,-9.589658,2.0621119
7266613,-5.5588403,-10.322535,2.7315197
7266623,-6.321654,-11.407478,2.9255164
7266633,-6.7192273,-11.7439785,2.8225305
7266643,-6.428232,-11.245814,3.6895275
7266653,-7.0641103,-11.33922,4.190087
7266663,-6.6401916,-11.225456,6.035449
7266673,-5.0894165,-10.219548,6.108497
7266683,-4.1098537,-9.347761,5.2355127
7266693,-3.7266505,-8.534652,4.493057
7266703,-3.453618,-8.716674,4.077521
7266713,-3.5901344,-7.8867993,4.6175976
7266723,-3.5218763,-8.479567,4.7541137
7266733,-1.7088464,-9.987231,-0.91010743
7266743,-0.8813672,-10.15608,1.3292358
7266753,-1.0717713,-8.705896,2.1016297
7266763,-1.1735595,-7.4616833,0.34847534
7266773,-0.1101709,-6.053412,-0.22752686
7266783,-0.46942383,-5.916896,-0.041912843
7266793,-1.8130298,-6.404282,-0.09939331
7266803,-3.0787976,-7.613767,0.5113367
7266813,-3.6991076,-8.472382,1.5735278
7266823,-3.4691858,-8.193362,2.2680836
7266833,-3.5458264,-7.2006264,2.682422
7266843,-3.7027001,-6.6162415,2.9422815
7266853,-3.9433997,-8.624465,2.767445
7266863,-6.9874697,-8.753797,2.9841943
7266873,-8.84361,-7.113208,0.08981323
7266883,-8.735834,-5.277426,-0.21555176
7266893,-6.582711,-5.987549,0.4921765
7266903,-5.388794,-7.306007,2.0513341
7266913,-4.7133985,-8.202942,2.2285657
7266924,-4.8870373,-9.580078,2.1363573
7266933,-5.762417,-11.314073,2.9518616
7266944,-5.605543,-12.5319395,3.1614258
7266954,-5.542075,-13.950989,3.661985
7266964,-5.219945,-15.902929,3.2680042
7266974,-4.782854,-17.697996,2.4261549
7266984,-4.502637,-17.890797,2.3531067
7266994,-4.6978307,-16.2538,3.8260436
7267004,-4.29427,-13.489947,4.2511597
7267014,-4.8307543,-9.2747135,2.884801
7267024,-5.245093,-5.8666005,2.818938
7267034,-5.20318,-4.221222,4.2319994
7267044,-4.4786863,-2.2956262,3.1123278
7267054,-4.199667,-1.1603869,3.6404297
7267064,-3.2739916,-0.54366946,3.578159
7267074,-3.3482373,-1.4346167,4.4882665
7267084,-3.5805542,-1.7663269,6.8114357
7267094,-3.0033545,-1.6477734,8.368198
7267104,-2.5662634,-1.3986914,8.758587
7267114,-3.1243029,0.16046631,8.31431
7267124,-4.0607557,1.9064355,6.9443593
7267134,-2.8656409,4.3493557,7.6053843
7267144,-1.2633728,6.013894,7.4245605
7267154,-1.4382092,5.591173,7.232959
7267164,-1.848955,4.3864784,7.8867993
7267174,-1.8046472,3.194956,8.449629
7267184,-1.165177,2.501598,9.062754
7267194,-1.1472144,1.8944604,8.917855
7267204,-1.4477893,1.0550061,8.57417
7267214,-1.53401,0.20836669,8.423284
7267224,-1.8285974,-0.45864624,8.468789
7267234,-1.7555493,-0.671803,8.412506
7267244,-2.0848646,-0.6286926,8.489147
7267254,-2.1890478,0.014370117,8.066425
7267264,-2.3734643,0.88855225,7.589817
7267274,-2.7710376,1.6262183,7.056925
7267284,-3.3386571,1.8429675,6.9443593
7267294,-3.7146752,1.84177,7.019802
7267304,-3.8535864,1.2921131,7.6892104
7267314,-3.9122643,0.74485105,8.419691
7267324,-3.7218604,0.18920654,8.702304
7267334,-4.0571632,-0.27183473,8.772957
7267344,-4.028423,-0.4263135,8.969348
7267354,-4.179309,-0.38440064,8.933423
7267364,-3.9637573,-0.07544312,8.874744
7267374,-3.9086719,0.43110353,8.556208
7267384,-4.1146436,1.1723621,8.188572
7267394,-4.0272255,1.7184265,8.020921
7267404,-4.0272255,1.9064355,7.573052
7267414,-3.9924974,1.8812878,7.7047777
7267424,-4.0823107,1.1412268,8.017328
7267434,-3.8200562,0.6658154,8.537047
7267444,-3.725453,0.34009278,8.909472
7267454,-3.6595898,0.2694397,9.174122
7267464,-3.5398388,0.50894165,9.074729
7267474,-3.5554066,0.70174074,9.017248
7267484,-3.6009119,1.0945239,8.87714
7267494,-3.5793567,1.23104,8.741821
7267504,-3.6991076,1.5112573,8.546627
7267514,-3.6320472,1.4849122,8.297545
7267525,-3.6583924,1.5112573,8.25683
7267534,-14.147381,2.6788294,19.483484
7267545,4.077521,2.5830286,11.866124
7267555,-0.859812,-0.09939331,8.226892
7267565,-2.6141639,-2.3519092,11.177556
7267575,-3.7110827,-2.2920337,11.505673
7267585,-3.458408,-0.5340893,10.053095
7267595,-3.8883142,1.4525794,8.988508
7267605,-8.120314,0.92328,5.261858
7267615,-3.1841784,3.1985486,7.9742174
7267625,-2.271676,2.5734484,7.846084
7267635,-3.838019,0.78915894,7.4688683
7267645,-3.502716,0.76640624,8.211325
7267655,-3.3063245,0.75203615,8.58375
7267665,-3.718268,0.42391846,8.556208
7267675,-3.5697765,0.6227051,8.693921
7267685,-3.3410523,0.66342044,8.935818
7267695,-3.2799792,0.6215076,9.024433
7267705,-3.2284863,0.5760022,8.923842
7267715,-3.2189062,0.6885681,8.777746
